LOTE;VALOR;PESO;DESCRICAO
00006-0;1.109,00 ;10,20;" DUAS ALIANÇAS, TRES COLARES, DE: OURO; CONSTAM: amolgada(s), PESO LOTE: 10,20G (DEZ GRAMAS E VINTE CENTIGRAMAS) R$ 1.109,00 
"
00008-6; 398,00 ;3,50;" DOIS COLARES, DOIS BRINCOS, UMA ALIANÇA, UM PENDENTE, DE: OURO; CONSTAM: incompleta(s), partida(s), iniciais, amolgada(s), PESO LOTE: 3,50G (TRES GRAMAS E CINQUENTA CENTIGRAMAS) R$ 398,00 
"
00009-4;1.176,00 ;8,85;" DOIS BRINCOS, UM ANEL, UM COLAR, DE: OURO, PESO LOTE: 8,85G (OITO GRAMAS E OITENTA E CINCO CENTIGRAMAS) R$ 1.176,00 
"
00012-4;1.242,00 ;8,53;" CINCO ALIANÇAS, DOIS BRINCOS, DE: OURO; CONSTAM: amolgada(s), incompleta(s), partida(s), inscrições, PESO LOTE: 8,53G (OITO GRAMAS E CINQUENTA E TRES CENTIGRAMAS) R$ 1.242,00 
"
00015-9; 735,00 ;5,04;" DUAS ALIANÇAS, DE: OURO; CONSTAM: amolgada(s), inscrições, PESO LOTE: 5,04G (CINCO GRAMAS E QUATRO CENTIGRAMAS) R$ 735,00 
"
00029-9;1.100,00 ;7,53;" TRES ALIANÇAS, UM PENDENTE, DE: OURO; CONSTAM: amolgada(s), PESO LOTE: 7,53G (SETE GRAMAS E CINQUENTA E TRES CENTIGRAMAS) R$ 1.100,00 
"
00035-3; 753,00 ;5,11;" UMA ALIANÇA, DOIS BRINCOS, UM PENDENTE, UMA PULSEIRA, DE: OURO; CONSTAM: amolgada(s), PESO LOTE: 5,11G (CINCO GRAMAS E ONZE CENTIGRAMAS) R$ 753,00 
"
00037-0; 822,00 ;5,25;" UMA PULSEIRA, DE: OURO, PESO LOTE: 5,25G (CINCO GRAMAS E VINTE E CINCO CENTIGRAMAS) R$ 822,00 
"
00045-0; 652,00 ;4,40;" UMA ALIANÇA, DE: OURO, OURO BRANCO; CONSTAM: amolgada(s), PESO LOTE: 4,40G (QUATRO GRAMAS E QUARENTA CENTIGRAMAS) R$ 652,00 
"
00047-7; 529,00 ;4,00;" DUAS ALIANÇASCOM 3 ELOS CADA, DE: OURO; CONSTAM: amolgada(s), inscrições, PESO LOTE: 4,00G (QUATRO GRAMAS) R$ 529,00 
"
00054-0; 417,00 ;2,85;" UM COLAR, UM PENDENTE, DE: OURO, PESO LOTE: 2,85G (DOIS GRAMAS E OITENTA E CINCO CENTIGRAMAS) R$ 417,00 
"
00055-8; 910,00 ;6,30;" QUATRO ALIANÇAS, DE: OURO; CONSTAM: amassada(s), amolgada(s), inscrições, PESO LOTE: 6,30G (SEIS GRAMAS E TRINTA CENTIGRAMAS) R$ 910,00 
"
00063-9; 601,00 ;3,70;" UM COLAR, UM PENDENTE, DE: OURO, PESO LOTE: 3,70G (TRES GRAMAS E SETENTA CENTIGRAMAS) R$ 601,00 
"
00066-3; 680,00 ;4,97;" DOIS ANÉIS, DE: OURO; CONSTAM: amolgada(s), inscrições, PESO LOTE: 4,97G (QUATRO GRAMAS E NOVENTA E SETE CENTIGRAMAS) R$ 680,00 
"
00077-9;2.313,00 ;13,85;" UM COLAR, UM PENDENTE, UMA PULSEIRA, DE: OURO, OURO BRANCO, PESO LOTE: 13,85G (TREZE GRAMAS E OITENTA E CINCO CENTIGRAMAS) R$ 2.313,00 
"
00079-5; 868,00 ;5,30;" CINCO BRINCOS, UM COLAR, UM PENDENTE, DE: OURO, PESO LOTE: 5,30G (CINCO GRAMAS E TRINTA CENTIGRAMAS) R$ 868,00 
"
00091-4; 490,00 ;3,39;" DUAS ALIANÇAS, DE: OURO; CONSTAM: inscrições, PESO LOTE: 3,39G (TRES GRAMAS E TRINTA E NOVE CENTIGRAMAS) R$ 490,00 
"
00114-7;;16,80;" DUAS PULSEIRAS, DE: OURO; CONSTAM: amassada(s), amolgada(s), PESO LOTE: 16,80G (DEZESSEIS GRAMAS E OITENTA CENTIGRAMAS) R$ 2.400,00 Centralizadora: AG. PRACA RUI BARBOSA, RS 0453 Licitação de Jóias Data da Licitação: 27/02/2023 LOTE/CONTRATO DESCRIÇÃO VALOR ANOTAÇÕES Página 4 de 73 
"
00130-9;1.855,00 ;14,17;" UM COLAR, UM LINGOTE, DE: OURO; CONSTAM: partida(s), PESO LOTE: 14,17G (QUATORZE GRAMAS E DEZESSETE CENTIGRAMAS) R$ 1.855,00 
"
00138-4;2.463,00 ;18,50;" DOIS BRINCOS, UMA PULSEIRA, DE: OURO; CONSTAM: amolgada(s), PESO LOTE: 18,50G (DEZOITO GRAMAS E CINQUENTA CENTIGRAMAS) R$ 2.463,00 
"
00144-9;2.562,00 ;13,95;" UMA MOEDA4 DUCADOS, ÁUSTRIA, DE: OURO, 986, PESO LOTE: 13,95G (TREZE GRAMAS E NOVENTA E CINCO CENTIGRAMAS) R$ 2.562,00 
"
00152-0; 230,00 ;1,72;" UM COLAR, DE: OURO; CONSTAM: incompleta(s), partida(s), PESO LOTE: 1,72G (UM GRAMAS E SETENTA E DOIS CENTIGRAMA) R$ 230,00 
"
00159-7; 600,00 ;4,15;" DOIS BRINCOS, DE: OURO, OURO RODINADO; CONSTAM: amolgada(s), PESO LOTE: 4,15G (QUATRO GRAMAS E QUINZE CENTIGRAMAS) R$ 600,00 
"
00160-0;3.427,00 ;23,67;" UMA PULSEIRA, DE: OURO; CONSTAM: amolgada(s), PESO LOTE: 23,67G (VINTE E TRES GRAMAS E SESSENTA E SETE CENTIGRAMAS) R$ 3.427,00 
"
00161-9; 442,00 ;3,12;" UMA ALIANÇA, DOIS BRINCOS, DE: OURO; CONSTAM: inscrições, PESO LOTE: 3,12G (TRES GRAMAS E DOZE CENTIGRAMAS) R$ 442,00 
"
00173-2;3.020,00 ;26,05;" UM RELÓGIO PULSEIRAESKA - CORDA MANUAL - NAO FUNCIONA, DE: OURO, PESO LOTE: 26,05G (VINTE E SEIS GRAMAS E CINCO CENTIGRAMAS) R$ 3.020,00 
"
00176-7; 810,00 ;6,18;" UMA ALIANÇA, DE: OURO, PESO LOTE: 6,18G (SEIS GRAMAS E DEZOITO CENTIGRAMAS) R$ 810,00 
"
00178-3; 222,00 ;1,55;" DUAS ALIANÇAS, DE: OURO; CONSTAM: amolgada(s), PESO LOTE: 1,55G (UM GRAMAS E CINQUENTA E CINCO CENTIGRAMA) R$ 222,00 
"
00179-1; 321,00 ;2,20;" DUAS ALIANÇAS, DE: OURO; CONSTAM: inscrições, PESO LOTE: 2,20G (DOIS GRAMAS E VINTE CENTIGRAMAS) R$ 321,00 
"
00186-4;1.139,00 ;8,40;" QUATRO BRINCOS, UMA ALIANÇA, DE: OURO BRANCO, OURO; CONSTAM: amassada(s), PESO LOTE: 8,40G (OITO GRAMAS E QUARENTA CENTIGRAMAS) R$ 1.139,00 
"
00205-4;2.240,00 ;17,40;" UM COLAR, UM PENDENTE, DE: OURO BRANCO, OURO; CONSTAM: amolgada(s), PESO LOTE: 17,40G (DEZESSETE GRAMAS E QUARENTA CENTIGRAMAS) R$ 2.240,00 
"
00227-5; 811,00 ;5,70;" UM ANEL, UMA ALIANÇA, UM PENDENTE, DE: OURO; CONSTAM: amolgada(s), PESO LOTE: 5,70G (CINCO GRAMAS E SETENTA CENTIGRAMAS) R$ 811,00 
"
00229-1;2.780,00 ;19,50;" UMA PULSEIRA, DE: OURO; CONSTAM: amolgada(s), PESO LOTE: 19,50G (DEZENOVE GRAMAS E CINQUENTA CENTIGRAMAS) R$ 2.780,00 
"
00230-5;1.391,00 ;9,60;" DOIS ANÉIS, UM COLAR, DOIS PENDENTES, DE: OURO; CONSTAM: amolgada(s), PESO LOTE: 9,60G (NOVE GRAMAS E SESSENTA CENTIGRAMAS) R$ 1.391,00 
"
00252-6; 538,00 ;3,80;" UM ANEL, DOIS BRINCOS, UM PENDENTE, UMA PULSEIRA, DE: OURO, OURO BRANCO; CONSTAM: amassada(s), PESO LOTE: 3,80G (TRES GRAMAS E OITENTA CENTIGRAMAS) R$ 538,00 
"
00257-7;1.488,00 ;10,30;" UMA PULSEIRACOM 4 PENDENTES FIXOS, DE: OURO; CONSTAM: amassada(s), defeito(s), incompleta(s), partida(s), PESO LOTE: 10,30G (DEZ GRAMAS E TRINTA CENTIGRAMAS) R$ 1.488,00 
"
00258-5; 839,00 ;5,60;" UMA PULSEIRA, DE: OURO; CONSTAM: amassada(s), inscrições, defeito(s), PESO LOTE: 5,60G (CINCO GRAMAS E SESSENTA CENTIGRAMAS) R$ 839,00 
"
00260-7; 667,00 ;4,47;" DOIS BRINCOS(SEM TARRAXAS), DE: OURO; CONSTAM: amolgada(s), PESO LOTE: 4,47G (QUATRO GRAMAS E QUARENTA E SETE CENTIGRAMAS) R$ 667,00 
"
00279-8;1.102,00 ;8,30;" UMA ALIANÇA, DE: OURO; CONSTAM: amolgada(s), PESO LOTE: 8,30G (OITO GRAMAS E TRINTA CENTIGRAMAS) R$ 1.102,00 
"
00288-7;;4,50;" DOIS BRINCOS, UMA ALIANÇA, DE: OURO; CONSTAM: amolgada(s), inscrições, PESO LOTE: 4,50G (QUATRO GRAMAS E CINQUENTA CENTIGRAMAS) R$ 637,00 Centralizadora: AG. PRACA RUI BARBOSA, RS 0453 Licitação de Jóias Data da Licitação: 27/02/2023 LOTE/CONTRATO DESCRIÇÃO VALOR ANOTAÇÕES Página 7 de 73 
"
00294-1;3.894,00 ;29,70;" UM COLAR, DUAS PULSEIRAS, DE: OURO; CONSTAM: amassada(s), defeito(s), PESO LOTE: 29,70G (VINTE E NOVE GRAMAS E SETENTA CENTIGRAMAS) R$ 3.894,00 
"
00330-1;3.446,00 ;23,60;" UMA ALIANÇA, UMA PULSEIRA, DE: OURO; CONSTAM: amassada(s), PESO LOTE: 23,60G (VINTE E TRES GRAMAS E SESSENTA CENTIGRAMAS) R$ 3.446,00 
"
00352-2;1.041,00 ;7,40;" DUAS ALIANÇAS, DE: OURO; CONSTAM: amolgada(s), inscrições, PESO LOTE: 7,40G (SETE GRAMAS E QUARENTA CENTIGRAMAS) R$ 1.041,00 
"
00358-1;1.828,00 ;14,00;" UM COLAR, DUAS PULSEIRAS, DE: OURO; CONSTAM: amolgada(s), PESO LOTE: 14,00G (QUATORZE GRAMAS) R$ 1.828,00 
"
00363-8;1.321,00 ;9,24;" UMA ALIANÇA, DOIS BRINCOS, (UM SEM TARRACHA), DE: OURO, OURO BRANCO; CONSTAM: amolgada(s), PESO LOTE: 9,24G (NOVE GRAMAS E VINTE E QUATRO CENTIGRAMAS) R$ 1.321,00 
"
00378-6;1.370,00 ;10,48;" UM ANEL, DOIS COLARES, UM PENDENTE, DE: OURO, OURO BRANCO; CONSTAM: amolgada(s), PESO LOTE: 10,48G (DEZ GRAMAS E QUARENTA E OITO CENTIGRAMAS) R$ 1.370,00 
"
00379-4;1.174,00 ;8,10;" DOIS COLARES, DOIS PENDENTES, UMA PULSEIRA, DE: OURO; CONSTAM: amolgada(s), PESO LOTE: 8,10G (OITO GRAMAS E DEZ CENTIGRAMAS) R$ 1.174,00 
"
00415-4; 521,00 ;3,55;" TRES COLARES, DE: OURO; CONSTAM: amolgada(s), PESO LOTE: 3,55G (TRES GRAMAS E CINQUENTA E CINCO CENTIGRAMAS) R$ 521,00 
"
00442-1;4.903,00 ;34,84;" UMA PULSEIRA, DE: OURO; CONSTAM: amolgada(s), PESO LOTE: 34,84G (TRINTA E QUATRO GRAMAS E OITENTA E QUATRO CENTIGRAMAS) R$ 4.903,00 
"
00459-6;3.554,00 ;27,22;" NOVE PULSEIRAS, DE: OURO, OURO BRANCO; CONSTAM: amassada(s), PESO LOTE: 27,22G (VINTE E SETE GRAMAS E VINTE E DOIS CENTIGRAMAS) R$ 3.554,00 
"
00461-8;1.941,00 ;14,88;" UM COLAR, DE: OURO; CONSTAM: amolgada(s), PESO LOTE: 14,88G (QUATORZE GRAMAS E OITENTA E OITO CENTIGRAMAS) R$ 1.941,00 
"
00468-5;1.847,00 ;12,52;" QUATRO COLARES, DE: OURO; CONSTAM: amassada(s), defeito(s), PESO LOTE: 12,52G (DOZE GRAMAS E CINQUENTA E DOIS CENTIGRAMAS) R$ 1.847,00 
"
00473-1;2.805,00 ;21,48;" UMA PULSEIRA, DE: OURO; CONSTAM: inscrições, amassada(s), PESO LOTE: 21,48G (VINTE E UM GRAMAS E QUARENTA E OITO CENTIGRAMAS) R$ 2.805,00 
"
00490-1;2.184,00 ;15,61;" OITO BRINCOS, DE: OURO, OURO BRANCO, PESO LOTE: 15,61G (QUINZE GRAMAS E SESSENTA E UM CENTIGRAMAS) R$ 2.184,00 
"
00491-0;1.649,00 ;11,75;" OITO BRINCOS, DE: OURO, PESO LOTE: 11,75G (ONZE GRAMAS E SETENTA E CINCO CENTIGRAMAS) R$ 1.649,00 
"
00513-4; 294,00 ;2,25;" UM ANEL, DE: OURO; CONSTAM: amassada(s), PESO LOTE: 2,25G (DOIS GRAMAS E VINTE E CINCO CENTIGRAMAS) R$ 294,00 
"
00529-0;1.588,00 ;8,00;" UMA MOEDAINGLATERRA 1900, DE: OURO; CONSTAM: amolgada(s), PESO LOTE: 8,00G (OITO GRAMAS) R$ 1.588,00 
"
00530-4;1.581,00 ;7,97;" UMA MOEDAINGLATERRA 1876, DE: OURO; CONSTAM: amolgada(s), defeito(s), PESO LOTE: 7,97G (SETE GRAMAS E NOVENTA E SETE CENTIGRAMAS) R$ 1.581,00 
"
00531-2;1.577,00 ;7,95;" UMA MOEDAINGLATERRA 1884, DE: OURO; CONSTAM: amolgada(s), defeito(s), PESO LOTE: 7,95G (SETE GRAMAS E NOVENTA E CINCO CENTIGRAMAS) R$ 1.577,00 
"
00532-0;1.577,00 ;7,95;" UMA MOEDAALEMANHA 1898, DE: OURO; CONSTAM: amassada(s), PESO LOTE: 7,95G (SETE GRAMAS E NOVENTA E CINCO CENTIGRAMAS) R$ 1.577,00 
"
00533-9;1.583,00 ;7,98;" UMA MOEDAINGLATERRA 1912, DE: OURO; CONSTAM: amolgada(s), defeito(s), PESO LOTE: 7,98G (SETE GRAMAS E NOVENTA E OITO CENTIGRAMAS) R$ 1.583,00 
"
00555-0;9.045,00 ;64,08;" UM COLAR, DE: OURO, PESO LOTE: 64,08G (SESSENTA E QUATRO GRAMAS E OITO CENTIGRAMAS) R$ 9.045,00 
"
00556-8;8.657,00 ;60,92;" UMA PULSEIRA, UM PENDENTE, DE: OURO, PESO LOTE: 60,92G (SESSENTA GRAMAS E NOVENTA E DOIS CENTIGRAMAS) R$ 8.657,00 
"
00557-6; 928,00 ;5,55;" UMA ALIANÇA, UM ANEL, DOIS BRINCOS, DE: OURO; CONSTAM: amolgada(s), PESO LOTE: 5,55G (CINCO GRAMAS E CINQUENTA E CINCO CENTIGRAMAS) R$ 928,00 
"
00586-0; 278,00 ;1,85;" UM ESCAPULARIO, DE: OURO, PESO LOTE: 1,85G (UM GRAMAS E OITENTA E CINCO CENTIGRAMA) R$ 278,00 
"
00600-9;1.267,00 ;9,67;" TRES ALIANÇAS, DE: OURO; CONSTAM: amolgada(s), PESO LOTE: 9,67G (NOVE GRAMAS E SESSENTA E SETE CENTIGRAMAS) R$ 1.267,00 
"
00601-7; 740,00 ;5,16;" DUAS PULSEIRAS, DE: OURO, PESO LOTE: 5,16G (CINCO GRAMAS E DEZESSEIS CENTIGRAMAS) R$ 740,00 
"
00605-0;6.765,00 ;41,63;" QUATRO BRINCOS, CINCO PENDENTES, DE: OURO; CONTÉM: esmalte; CONSTAM: amolgada(s), PESO LOTE: 41,63G (QUARENTA E UM GRAMAS E SESSENTA E TRES CENTIGRAMAS) R$ 6.765,00 
"
00610-6;3.194,00 ;21,95;" DUAS ALIANÇAS, DE: OURO, OURO BRANCO; CONSTAM: amolgada(s), inscrições, PESO LOTE: 21,95G (VINTE E UM GRAMAS E NOVENTA E CINCO CENTIGRAMAS) R$ 3.194,00 
"
00623-8; 873,00 ;6,09;" UMA PULSEIRACOM 25 ARGOLAS, DE: OURO; CONSTAM: amassada(s), PESO LOTE: 6,09G (SEIS GRAMAS E NOVE CENTIGRAMAS) R$ 873,00 
"
00654-8;2.744,00 ;19,34;" UMA PULSEIRA, DE: OURO; CONSTAM: amolgada(s), incompleta(s), , SEM CORRENTE DE SEGURAÇA, PESO LOTE: 19,34G (DEZENOVE GRAMAS E TRINTA E QUATRO CENTIGRAMAS) R$ 2.744,00 
"
00684-0;;2,23;" DUAS ALIANÇAS, UM PENDENTE, DE: OURO; CONSTAM: amassada(s), partida(s), incompleta(s), inscrições, PESO LOTE: 2,23G (DOIS GRAMAS E VINTE E TRES CENTIGRAMAS) R$ 311,00 Centralizadora: AG. PRACA RUI BARBOSA, RS 0453 Licitação de Jóias Data da Licitação: 27/02/2023 LOTE/CONTRATO DESCRIÇÃO VALOR ANOTAÇÕES Página 12 de 73 
"
00685-8; 194,00 ;1,48;" UMA ALIANÇA, DE: OURO; CONSTAM: amolgada(s), inscrições, PESO LOTE: 1,48G (UM GRAMAS E QUARENTA E OITO CENTIGRAMA) R$ 194,00 
"
00698-0; 340,00 ;2,41;" UMA ALIANÇA, DE: OURO; CONSTAM: amassada(s), PESO LOTE: 2,41G (DOIS GRAMAS E QUARENTA E UM CENTIGRAMAS) R$ 340,00 
"
00704-8;1.328,00 ;8,56;" DUAS PULSEIRAS, DUAS TORNOZELEIRAS, DE: OURO; CONSTAM: amassada(s), partida(s), incompleta(s), PESO LOTE: 8,56G (OITO GRAMAS E CINQUENTA E SEIS CENTIGRAMAS) R$ 1.328,00 
"
00712-9; 328,00 ;2,49;" UMA ALIANÇA, DE: OURO; CONSTAM: amassada(s), inscrições, PESO LOTE: 2,49G (DOIS GRAMAS E QUARENTA E NOVE CENTIGRAMAS) R$ 328,00 
"
00726-9;3.756,00 ;26,68;" UMA PULSEIRACOM UM PENDENTE, DE: OURO; CONTÉM: coral; CONSTAM: amassada(s), defeito(s), PESO LOTE: 26,68G (VINTE E SEIS GRAMAS E SESSENTA E OITO CENTIGRAMAS) R$ 3.756,00 
"
00741-2;2.452,00 ;18,72;" DUAS ALIANÇAS, DE: OURO; CONSTAM: amolgada(s), inscrições, PESO LOTE: 18,72G (DEZOITO GRAMAS E SETENTA E DOIS CENTIGRAMAS) R$ 2.452,00 
"
00743-9;1.401,00 ;10,69;" DOIS ANÉIS, DE: OURO, OURO RODINADO; CONSTAM: amassada(s), PESO LOTE: 10,69G (DEZ GRAMAS E SESSENTA E NOVE CENTIGRAMAS) R$ 1.401,00 
"
00744-7;1.230,00 ;9,37;" UM ANEL, DE: OURO; CONSTAM: amolgada(s), PESO LOTE: 9,37G (NOVE GRAMAS E TRINTA E SETE CENTIGRAMAS) R$ 1.230,00 
"
00747-1;4.599,00 ;35,10;" UM COLAR, UM PENDENTE, UMA PULSEIRA, DE: OURO; CONSTAM: amassada(s), partida(s), incompleta(s), PESO LOTE: 35,10G (TRINTA E CINCO GRAMAS E DEZ CENTIGRAMAS) R$ 4.599,00 
"
00757-9;1.785,00 ;11,20;" UM ANEL, DOIS BRINCOS, UMA PULSEIRA, DE: OURO, OURO BRANCO; CONSTAM: amassada(s), PESO LOTE: 11,20G (ONZE GRAMAS E VINTE CENTIGRAMAS) R$ 1.785,00 
"
00765-0;;17,40;" UM COLAR, QUATRO BRINCOS, DE: OURO, OURO BRANCO; CONSTAM: amolgada(s), PESO LOTE: 17,40G (DEZESSETE GRAMAS E QUARENTA CENTIGRAMAS) R$ 2.285,00 Centralizadora: AG. PRACA RUI BARBOSA, RS 0453 Licitação de Jóias Data da Licitação: 27/02/2023 LOTE/CONTRATO DESCRIÇÃO VALOR ANOTAÇÕES Página 13 de 73 
"
00768-4; 417,00 ;2,86;" TRES COLARES, UM PENDENTE, DE: OURO; CONSTAM: amassada(s), incompleta(s), partida(s), PESO LOTE: 2,86G (DOIS GRAMAS E OITENTA E SEIS CENTIGRAMAS) R$ 417,00 
"
00770-6;1.251,00 ;9,55;" UMA ALIANÇA, UM COLAR, UM PENDENTE, DE: OURO; CONSTAM: amolgada(s), inscrições, PESO LOTE: 9,55G (NOVE GRAMAS E CINQUENTA E CINCO CENTIGRAMAS) R$ 1.251,00 
"
00775-7; 255,00 ;1,75;" UM COLAR, DOIS PENDENTES, DE: OURO, PESO LOTE: 1,75G (UM GRAMAS E SETENTA E CINCO CENTIGRAMA) R$ 255,00 
"
00777-3; 202,00 ;1,54;" UMA ALIANÇA, DE: OURO; CONSTAM: amassada(s), PESO LOTE: 1,54G (UM GRAMAS E CINQUENTA E QUATRO CENTIGRAMA) R$ 202,00 
"
00778-1; 773,00 ;5,44;" DUAS ALIANÇAS, DE: OURO; CONSTAM: inscrições, PESO LOTE: 5,44G (CINCO GRAMAS E QUARENTA E QUATRO CENTIGRAMAS) R$ 773,00 
"
00779-0; 130,00 ;0,99;" UM ANEL, DE: OURO; CONSTAM: amassada(s), PESO LOTE: 0,99G (NOVENTA E NOVE CENTIGRAMAS) R$ 130,00 
"
00785-4; 312,00 ;2,14;" UMA PULSEIRA, DE: OURO; CONSTAM: amolgada(s), PESO LOTE: 2,14G (DOIS GRAMAS E QUATORZE CENTIGRAMAS) R$ 312,00 
"
00787-0; 118,00 ;0,99;" UM PENDENTE, UMA PULSEIRA, DE: OURO, TENDO DUAS PÉROLAS BIWA, PESO LOTE: 0,99G (NOVENTA E NOVE CENTIGRAMAS) R$ 118,00 
"
00792-7; 209,00 ;1,44;" UM ANEL, DE: OURO; CONSTAM: amolgada(s), PESO LOTE: 1,44G (UM GRAMAS E QUARENTA E QUATRO CENTIGRAMA) R$ 209,00 
"
00797-8;1.046,00 ;6,45;" UM COLAR, UM ESCAPULÁRIO, UM PENDENTE, DE: OURO; CONSTAM: amolgada(s), PESO LOTE: 6,45G (SEIS GRAMAS E QUARENTA E CINCO CENTIGRAMAS) R$ 1.046,00 
"
00799-4; 382,00 ;2,91;" UMA ALIANÇA, DE: OURO, PESO LOTE: 2,91G (DOIS GRAMAS E NOVENTA E UM CENTIGRAMAS) R$ 382,00 
"
00806-0;4.714,00 ;32,66;" UMA PULSEIRA, DE: OURO; CONSTAM: amolgada(s), PESO LOTE: 32,66G (TRINTA E DOIS GRAMAS E SESSENTA E SEIS CENTIGRAMAS) R$ 4.714,00 
"
00815-0; 343,00 ;2,42;" DOIS BRINCOS, DE: OURO; CONSTAM: amolgada(s), PESO LOTE: 2,42G (DOIS GRAMAS E QUARENTA E DOIS CENTIGRAMAS) R$ 343,00 
"
00822-2;3.772,00 ;21,21;" UM PENDENTE, DE: OURO, E OURO 23 K, ESTÁ ARRANHADO, PESO LOTE: 21,21G (VINTE E UM GRAMAS E VINTE E UM CENTIGRAMAS) R$ 3.772,00 
"
00826-5; 324,00 ;2,22;" UM COLAR, DE: OURO, PESO LOTE: 2,22G (DOIS GRAMAS E VINTE E DOIS CENTIGRAMAS) R$ 324,00 
"
00827-3; 155,00 ;1,08;" UMA ALIANÇA, DE: OURO; CONSTAM: inscrições, PESO LOTE: 1,08G (UM GRAMAS E OITO CENTIGRAMA) R$ 155,00 
"
00829-0; 625,00 ;4,41;" SETE BRINCOS(FALTANDO UMA TARRAXA), TRES PENDENTES, DE: OURO, OURO RODINADO; CONSTAM: amolgada(s), iniciais, PESO LOTE: 4,41G (QUATRO GRAMAS E QUARENTA E UM CENTIGRAMAS) R$ 625,00 
"
00830-3; 161,00 ;1,23;" UMA ALIANÇA, DE: OURO; CONSTAM: amassada(s), PESO LOTE: 1,23G (UM GRAMAS E VINTE E TRES CENTIGRAMA) R$ 161,00 
"
00831-1;;5,42;" DOIS BRINCOS, DE: OURO; CONSTAM: amolgada(s), PESO LOTE: 5,42G (CINCO GRAMAS E QUARENTA E DOIS CENTIGRAMAS) R$ 791,00 Centralizadora: AG. PRACA RUI BARBOSA, RS 0453 Licitação de Jóias Data da Licitação: 27/02/2023 LOTE/CONTRATO DESCRIÇÃO VALOR ANOTAÇÕES Página 15 de 73 
"
00832-0;2.456,00 ;20,47;" ALTO WATCH, DE OURO COM PULSEIRA DE OURO, MANCHADO, NÃO FUNCIONA, UM RELÓGIO; CONSTAM: amassada(s), defeito(s), PESO LOTE: 20,47G (VINTE GRAMAS E QUARENTA E SETE CENTIGRAMAS) R$ 2.456,00 
"
00835-4; 220,00 ;1,66;" UM COLAR, UM PENDENTE, DE: OURO; CONSTAM: amolgada(s), PESO LOTE: 1,66G (UM GRAMAS E SESSENTA E SEIS CENTIGRAMA) R$ 220,00 
"
00838-9; 344,00 ;2,45;" UM ANEL, DE: OURO; CONSTAM: amolgada(s), defeito(s), falta, PESO LOTE: 2,45G (DOIS GRAMAS E QUARENTA E CINCO CENTIGRAMAS) R$ 344,00 
"
00848-6;2.800,00 ;21,34;" TRES COLARES, DOIS PENDENTES, DUAS PULSEIRAS, DE: OURO; CONSTAM: amolgada(s), incompleta(s), partida(s), PESO LOTE: 21,34G (VINTE E UM GRAMAS E TRINTA E QUATRO CENTIGRAMAS) R$ 2.800,00 
"
00850-8;2.090,00 ;15,94;" UM COLAR, DE: OURO; CONSTAM: amolgada(s), PESO LOTE: 15,94G (QUINZE GRAMAS E NOVENTA E QUATRO CENTIGRAMAS) R$ 2.090,00 
"
00851-6;3.730,00 ;28,46;" UMA PULSEIRA, DE: OURO; CONSTAM: amassada(s), PESO LOTE: 28,46G (VINTE E OITO GRAMAS E QUARENTA E SEIS CENTIGRAMAS) R$ 3.730,00 
"
00853-2; 280,00 ;2,13;" DUAS ALIANÇAS, DE: OURO; CONSTAM: amassada(s), inscrições, PESO LOTE: 2,13G (DOIS GRAMAS E TREZE CENTIGRAMAS) R$ 280,00 
"
00876-1;1.239,00 ;8,70;" UMA ALIANÇA, DE: OURO; CONSTAM: inscrições, PESO LOTE: 8,70G (OITO GRAMAS E SETENTA CENTIGRAMAS) R$ 1.239,00 
"
00890-7; 779,00 ;5,30;" UMA PULSEIRA, DE: OURO, PESO LOTE: 5,30G (CINCO GRAMAS E TRINTA CENTIGRAMAS) R$ 779,00 
"
00892-3;;192,10;" UM RELÓGIO PULSEIRALONGINES, CONQUEST CERAMIC, L3.661.4, AUTOMATICO, ETA 7750, 3 ACUM, SAFIRA, DATADOR, DE: AÇO, PESO LOTE: 192,10G (CENTO E NOVENTA E DOIS GRAMAS E DEZ CENTIGRAMAS) R$ 2.882,00 Centralizadora: AG. PRACA RUI BARBOSA, RS 0453 Licitação de Jóias Data da Licitação: 27/02/2023 LOTE/CONTRATO DESCRIÇÃO VALOR ANOTAÇÕES Página 16 de 73 
"
00896-6; 529,00 ;3,63;" UMA PULSEIRA, DE: OURO, PESO LOTE: 3,63G (TRES GRAMAS E SESSENTA E TRES CENTIGRAMAS) R$ 529,00 
"
00904-0;1.057,00 ;7,20;" UM ANEL, DE: OURO, PESO LOTE: 7,20G (SETE GRAMAS E VINTE CENTIGRAMAS) R$ 1.057,00 
"
00961-0; 613,00 ;4,20;" UM PENDENTE, DE: OURO, PESO LOTE: 4,20G (QUATRO GRAMAS E VINTE CENTIGRAMAS) R$ 613,00 
"
00968-7;1.239,00 ;7,70;" UM TERÇO, DE: OURO, PESO LOTE: 7,70G (SETE GRAMAS E SETENTA CENTIGRAMAS) R$ 1.239,00 
"
00971-7;3.703,00 ;25,20;" UM COLAR, UM PENDENTE, UMA PULSEIRA, DE: OURO, OURO BRANCO; CONSTAM: inscrições, iniciais, PESO LOTE: 25,20G (VINTE E CINCO GRAMAS E VINTE CENTIGRAMAS) R$ 3.703,00 
"
00992-0;3.230,00 ;20,90;" UM COLAR, UM PENDENTE, DE: OURO; CONSTAM: inscrições, PESO LOTE: 20,90G (VINTE GRAMAS E NOVENTA CENTIGRAMAS) R$ 3.230,00 
"
01009-0;6.038,00 ;37,05;" TRES ANÉIS, DOIS BRINCOS, DOIS COLARES, DOIS PENDENTES, DE: OURO BRANCO, OURO; CONSTAM: defeito(s), PESO LOTE: 37,05G (TRINTA E SETE GRAMAS E CINCO CENTIGRAMAS) R$ 6.038,00 
"
01042-1;1.170,00 ;7,80;" UMA PULSEIRA, DE: OURO; CONSTAM: amassada(s), PESO LOTE: 7,80G (SETE GRAMAS E OITENTA CENTIGRAMAS) R$ 1.170,00 
"
01077-4;3.452,00 ;21,50;" UM COLAR, DE: OURO, PESO LOTE: 21,50G (VINTE E UM GRAMAS E CINQUENTA CENTIGRAMAS) R$ 3.452,00 
"
01078-2;1.259,00 ;7,80;" UMA PULSEIRA, DE: OURO, PESO LOTE: 7,80G (SETE GRAMAS E OITENTA CENTIGRAMAS) R$ 1.259,00 
"
01079-0;3.998,00 ;24,70;" UM COLAR, DE: OURO, PESO LOTE: 24,70G (VINTE E QUATRO GRAMAS E SETENTA CENTIGRAMAS) R$ 3.998,00 
"
01085-5;1.966,00 ;12,30;" UMA PULSEIRA, DE: OURO, PESO LOTE: 12,30G (DOZE GRAMAS E TRINTA CENTIGRAMAS) R$ 1.966,00 
"
01187-8;1.180,00 ;8,70;" DUAS ALIANÇAS, UMA PULSEIRA, DE: OURO; CONSTAM: amolgada(s), inscrições, PESO LOTE: 8,70G (OITO GRAMAS E SETENTA CENTIGRAMAS) R$ 1.180,00 
"
01219-0;1.616,00 ;8,57;" UMA MOEDA(RUSSIA, 10 RUBLOS, 1899, OURO 900), DE: OURO, PESO LOTE: 8,57G (OITO GRAMAS E CINQUENTA E SETE CENTIGRAMAS) R$ 1.616,00 
"
01220-3;2.848,00 ;18,15;" UM COLAR, TRES PENDENTES, DE: OURO; CONSTAM: defeito(s), PESO LOTE: 18,15G (DEZOITO GRAMAS E QUINZE CENTIGRAMAS) R$ 2.848,00 
"
01226-2; 750,00 ;5,72;" DUAS ALIANÇAS, DE: OURO; CONSTAM: inscrições, PESO LOTE: 5,72G (CINCO GRAMAS E SETENTA E DOIS CENTIGRAMAS) R$ 750,00 
"
01230-0;1.185,00 ;7,40;" UM ANEL, DOIS BRINCOS, UM PENDENTE, DE: OURO, OURO RODINADO; CONSTAM: amolgada(s), PESO LOTE: 7,40G (SETE GRAMAS E QUARENTA CENTIGRAMAS) R$ 1.185,00 
"
01233-5;1.602,00 ;7,99;" UMA MOEDADE UMA LIBRA ESTERLINA, DE: OURO, 916, PESO LOTE: 7,99G (SETE GRAMAS E NOVENTA E NOVE CENTIGRAMAS) R$ 1.602,00 
"
01263-7;1.000,00 ;7,60;" DUAS ALIANÇAS, DE: OURO; CONSTAM: inscrições, PESO LOTE: 7,60G (SETE GRAMAS E SESSENTA CENTIGRAMAS) R$ 1.000,00 
"
01270-0;2.410,00 ;16,50;" DOIS ANÉIS, DE: OURO; CONTÉM: coral, (NÃO PRECIFICADOS), PESO LOTE: 16,50G (DEZESSEIS GRAMAS E CINQUENTA CENTIGRAMAS) R$ 2.410,00 
"
01286-6;2.498,00 ;15,83;" DUAS ALIANÇAS, UM COLAR, DE: OURO BRANCO, OURO; CONSTAM: amassada(s), PESO LOTE: 15,83G (QUINZE GRAMAS E OITENTA E TRES CENTIGRAMAS) R$ 2.498,00 
"
01290-4; 586,00 ;4,47;" UMA ALIANÇA, DE: OURO, PESO LOTE: 4,47G (QUATRO GRAMAS E QUARENTA E SETE CENTIGRAMAS) R$ 586,00 
"
01303-0; 700,00 ;5,30;" UMA PULSEIRA, DE: OURO; CONSTAM: amassada(s), defeito(s), partida(s), PESO LOTE: 5,30G (CINCO GRAMAS E TRINTA CENTIGRAMAS) R$ 700,00 
"
01309-9;2.400,00 ;18,60;" UMA PULSEIRA, DE: OURO; CONSTAM: inscrições, PESO LOTE: 18,60G (DEZOITO GRAMAS E SESSENTA CENTIGRAMAS) R$ 2.400,00 
"
01310-2;3.240,00 ;24,00;" TRES ANÉIS, DE: OURO; CONSTAM: amolgada(s), PESO LOTE: 24,00G (VINTE E QUATRO GRAMAS) R$ 3.240,00 
"
01315-3;1.949,00 ;13,70;" UMA ALIANÇA, DE: OURO; CONSTAM: inscrições, PESO LOTE: 13,70G (TREZE GRAMAS E SETENTA CENTIGRAMAS) R$ 1.949,00 
"
01316-1;;26,23;" UM ANEL, DOIS BRINCOS, UM COLAR, UM PENDENTE, DE: OURO; CONSTAM: defeito(s), (FECHO), PESO LOTE: 26,23G (VINTE E SEIS GRAMAS E VINTE E TRES CENTIGRAMAS) R$ 4.147,00 Centralizadora: AG. PRACA RUI BARBOSA, RS 0453 Licitação de Jóias Data da Licitação: 27/02/2023 LOTE/CONTRATO DESCRIÇÃO VALOR ANOTAÇÕES Página 20 de 73 
"
01325-0;3.468,00 ;28,10;" UM RELÓGIO PULSEIRABUCHERER, DE: OURO; CONSTAM: defeito(s), PESO LOTE: 28,10G (VINTE E OITO GRAMAS E DEZ CENTIGRAMAS) R$ 3.468,00 
"
01330-7; 885,00 ;6,75;" UMA ALIANÇA, DE: OURO; CONSTAM: inscrições, PESO LOTE: 6,75G (SEIS GRAMAS E SETENTA E CINCO CENTIGRAMAS) R$ 885,00 
"
01332-3;2.951,00 ;19,64;" UMA ALIANÇA, QUATRO BRINCOS, UMA PULSEIRA, DE: OURO, OURO BRANCO; CONSTAM: amolgada(s), incompleta(s), (TARRAXAS), PESO LOTE: 19,64G (DEZENOVE GRAMAS E SESSENTA E QUATRO CENTIGRAMAS) R$ 2.951,00 
"
01336-6; 298,00 ;2,10;" DOIS FRAGMENTOS, DE: OURO; CONSTAM: partida(s), incompleta(s), PESO LOTE: 2,10G (DOIS GRAMAS E DEZ CENTIGRAMAS) R$ 298,00 
"
01339-0; 560,00 ;4,20;" UMA ALIANÇA, DE: OURO; CONSTAM: inscrições, PESO LOTE: 4,20G (QUATRO GRAMAS E VINTE CENTIGRAMAS) R$ 560,00 
"
01346-3; 675,00 ;4,30;" UMA PULSEIRA, DE: OURO; CONSTAM: amolgada(s), PESO LOTE: 4,30G (QUATRO GRAMAS E TRINTA CENTIGRAMAS) R$ 675,00 
"
01347-1;10.813,00 ;71,83;" UM COLAR, UM PENDENTE, QUATRO PULSEIRAS, DE: OURO BRANCO, OURO; CONSTAM: amolgada(s), PESO LOTE: 71,83G (SETENTA E UM GRAMAS E OITENTA E TRES CENTIGRAMAS) R$ 10.813,00 
"
01351-0; 354,00 ;3,17;" UM COLAR, DE: OURO; CONSTAM: partida(s), PESO LOTE: 3,17G (TRES GRAMAS E DEZESSETE CENTIGRAMAS) R$ 354,00 
"
01363-3;1.014,00 ;6,44;" DUAS ALIANÇASSENDO UMA COM UMA ARGOLA, DE: OURO, PESO LOTE: 6,44G (SEIS GRAMAS E QUARENTA E QUATRO CENTIGRAMAS) R$ 1.014,00 
"
01364-1; 412,00 ;2,97;" UMA ALIANÇAPARTIDA, DOIS PENDENTES, SENDO UM INCOMPLETO, DE: OURO, PESO LOTE: 2,97G (DOIS GRAMAS E NOVENTA E SETE CENTIGRAMAS) R$ 412,00 
"
01365-0; 446,00 ;3,04;" UM ANEL, DE: OURO, PESO LOTE: 3,04G (TRES GRAMAS E QUATRO CENTIGRAMAS) R$ 446,00 
"
01369-2; 743,00 ;5,66;" UM PENDENTE, DOIS BRINCOS, SEM TARRAXA E UM PARTIDO, DE: OURO, PESO LOTE: 5,66G (CINCO GRAMAS E SESSENTA E SEIS CENTIGRAMAS) R$ 743,00 
"
01372-2; 560,00 ;3,85;" DUAS ALIANÇAS, DE: OURO, OURO BRANCO, PESO LOTE: 3,85G (TRES GRAMAS E OITENTA E CINCO CENTIGRAMAS) R$ 560,00 
"
01383-8; 673,00 ;5,07;" UMA ALIANÇA, DE: OURO, PESO LOTE: 5,07G (CINCO GRAMAS E SETE CENTIGRAMAS) R$ 673,00 
"
01384-6;5.104,00 ;32,29;" UM COLAR, DE: OURO, PESO LOTE: 32,29G (TRINTA E DOIS GRAMAS E VINTE E NOVE CENTIGRAMAS) R$ 5.104,00 
"
01385-4;9.586,00 ;62,64;" UMA PULSEIRA, DE: OURO, PESO LOTE: 62,64G (SESSENTA E DOIS GRAMAS E SESSENTA E QUATRO CENTIGRAMAS) R$ 9.586,00 
"
01391-9;1.211,00 ;9,30;" DOIS COLARES, DOIS PENDENTES, DE: OURO; CONSTAM: amolgada(s), PESO LOTE: 9,30G (NOVE GRAMAS E TRINTA CENTIGRAMAS) R$ 1.211,00 
"
01393-5;1.057,00 ;7,60;" UM COLAR, DE: OURO, PESO LOTE: 7,60G (SETE GRAMAS E SESSENTA CENTIGRAMAS) R$ 1.057,00 
"
01394-3;1.268,00 ;10,14;" TRES COLARES, DE: OURO, PESO LOTE: 10,14G (DEZ GRAMAS E QUATORZE CENTIGRAMAS) R$ 1.268,00 
"
01398-6; 769,00 ;5,71;" DUAS ALIANÇAS, DE: OURO, OURO BRANCO, PESO LOTE: 5,71G (CINCO GRAMAS E SETENTA E UM CENTIGRAMAS) R$ 769,00 
"
01401-0;1.768,00 ;12,51;" UMA PULSEIRA, DE: OURO, PESO LOTE: 12,51G (DOZE GRAMAS E CINQUENTA E UM CENTIGRAMAS) R$ 1.768,00 
"
01416-8;1.259,00 ;9,63;" UM PENDENTE, UMA PULSEIRA, DE: OURO; CONSTAM: amolgada(s), PESO LOTE: 9,63G (NOVE GRAMAS E SESSENTA E TRES CENTIGRAMAS) R$ 1.259,00 
"
01417-6; 481,00 ;3,26;" UM COLAR, UM PENDENTE, DE: OURO, PESO LOTE: 3,26G (TRES GRAMAS E VINTE E SEIS CENTIGRAMAS) R$ 481,00 
"
01419-2;2.271,00 ;15,94;" UM COLAR, UMA PULSEIRA, PARTIDA, DE: OURO; CONSTAM: amolgada(s), PESO LOTE: 15,94G (QUINZE GRAMAS E NOVENTA E QUATRO CENTIGRAMAS) R$ 2.271,00 
"
01420-6;1.922,00 ;15,60;" DOIS COLARESSENDO 1 PARTIDO, UMA PULSEIRA, DE: OURO; CONSTAM: amolgada(s), PESO LOTE: 15,60G (QUINZE GRAMAS E SESSENTA CENTIGRAMAS) R$ 1.922,00 
"
01422-2;1.715,00 ;12,03;" UMA ALIANÇA, UM COLAR, DE: OURO; CONSTAM: amolgada(s), PESO LOTE: 12,03G (DOZE GRAMAS E TRES CENTIGRAMAS) R$ 1.715,00 
"
01423-0;4.442,00 ;30,14;" UMA ALIANÇA, UM BROCHE, UM PENDENTE, DOIS COLARES, UMA PULSEIRA, DE: OURO, PESO LOTE: 30,14G (TRINTA GRAMAS E QUATORZE CENTIGRAMAS) R$ 4.442,00 
"
01424-9; 644,00 ;5,15;" UM COLAR, DOIS PENDENTES, SENDO UM OLHO GREGO E OUTRO SEM ALÇA, UMA PULSEIRA, AMASSADA, DE: OURO, PESO LOTE: 5,15G (CINCO GRAMAS E QUINZE CENTIGRAMAS) R$ 644,00 
"
01428-1;1.223,00 ;8,88;" UM BRINCO, DOIS COLARES, DOIS PENDENTES, UMA PULSEIRA, DE: OURO, OURO BRANCO, PESO LOTE: 8,88G (OITO GRAMAS E OITENTA E OITO CENTIGRAMAS) R$ 1.223,00 
"
01433-8;3.262,00 ;23,15;" UM COLAR, DE: OURO; CONSTAM: amolgada(s), PESO LOTE: 23,15G (VINTE E TRES GRAMAS E QUINZE CENTIGRAMAS) R$ 3.262,00 
"
01434-6;2.657,00 ;20,98;" UMA PULSEIRA, DE: OURO; CONSTAM: amolgada(s), PESO LOTE: 20,98G (VINTE GRAMAS E NOVENTA E OITO CENTIGRAMAS) R$ 2.657,00 
"
01435-4;3.519,00 ;21,84;" UMA PULSEIRA, DE: OURO, PESO LOTE: 21,84G (VINTE E UM GRAMAS E OITENTA E QUATRO CENTIGRAMAS) R$ 3.519,00 
"
01436-2;2.933,00 ;19,53;" UMA PULSEIRA, DE: OURO, PESO LOTE: 19,53G (DEZENOVE GRAMAS E CINQUENTA E TRES CENTIGRAMAS) R$ 2.933,00 
"
01439-7; 398,00 ;2,72;" UM COLAR, UM PENDENTE, DE: OURO, PESO LOTE: 2,72G (DOIS GRAMAS E SETENTA E DOIS CENTIGRAMAS) R$ 398,00 
"
01440-0; 480,00 ;3,30;" UM COLAR, QUATRO PENDENTES, DE: OURO, PESO LOTE: 3,30G (TRES GRAMAS E TRINTA CENTIGRAMAS) R$ 480,00 
"
01442-7; 820,00 ;5,60;" UM COLAR, UM PENDENTE, DE: OURO, PESO LOTE: 5,60G (CINCO GRAMAS E SESSENTA CENTIGRAMAS) R$ 820,00 
"
01443-5;1.647,00 ;10,78;" DUAS ALIANÇAS, DE: OURO, PESO LOTE: 10,78G (DEZ GRAMAS E SETENTA E OITO CENTIGRAMAS) R$ 1.647,00 
"
01449-4; 254,00 ;1,62;" UM PENDENTE, DE: OURO; CONSTAM: iniciais, PESO LOTE: 1,62G (UM GRAMAS E SESSENTA E DOIS CENTIGRAMA) R$ 254,00 
"
01453-2;1.562,00 ;10,48;" UM COLAR, UM PENDENTE, UMA PULSEIRA, DE: OURO, PESO LOTE: 10,48G (DEZ GRAMAS E QUARENTA E OITO CENTIGRAMAS) R$ 1.562,00 
"
01454-0;1.132,00 ;7,75;" DOIS COLARESSENDO UM TIPO ESCAPULARIO, DOIS PENDENTES, DE: OURO, OURO BRANCO, PESO LOTE: 7,75G (SETE GRAMAS E SETENTA E CINCO CENTIGRAMAS) R$ 1.132,00 
"
01455-9; 620,00 ;4,27;" UMA PULSEIRA, DE: OURO, PESO LOTE: 4,27G (QUATRO GRAMAS E VINTE E SETE CENTIGRAMAS) R$ 620,00 
"
01463-0;2.600,00 ;17,92;" UM COLARCOM PENDENTE, DE: OURO; CONSTAM: inscrições, amassada(s), amolgada(s), PESO LOTE: 17,92G (DEZESSETE GRAMAS E NOVENTA E DOIS CENTIGRAMAS) R$ 2.600,00 
"
01472-9;1.780,00 ;13,42;" UM COLAR, DE: OURO, PESO LOTE: 13,42G (TREZE GRAMAS E QUARENTA E DOIS CENTIGRAMAS) R$ 1.780,00 
"
01482-6;;400,00;" UM RELÓGIOTISSOT DE OURO COM PULSEIRA DE OURO COM COROA DE METAL NÃO NOBRE E A CORDA MANUAL, DE: OURO; CONSTAM: defeito(s), PARADO E ARRANHADO, defeito(s), RACHADURA NA TAMPA TRASEIRA, PESO R$ 5.400,00 Centralizadora: AG. PRACA RUI BARBOSA, RS 0453 Licitação de Jóias Data da Licitação: 27/02/2023 LOTE/CONTRATO DESCRIÇÃO VALOR ANOTAÇÕES Página 24 de 73 59,60G (CINQUENTA E NOVE GRAMAS E SESSENTA CENTIGRAMAS) 
"
01485-0; 869,00 ;6,09;" DOIS BRINCOS, DE: OURO, PESO LOTE: 6,09G (SEIS GRAMAS E NOVE CENTIGRAMAS) R$ 869,00 
"
01487-7;1.439,00 ;7,98;" UMA MEDALHA(LIBRA), DE: OURO, PESO LOTE: 7,98G (SETE GRAMAS E NOVENTA E OITO CENTIGRAMAS) R$ 1.439,00 
"
01489-3; 265,00 ;1,86;" UMA ALIANÇA, DE: OURO; CONSTAM: inscrições, PESO LOTE: 1,86G (UM GRAMAS E OITENTA E SEIS CENTIGRAMA) R$ 265,00 
"
01492-3;6.122,00 ;39,51;" UM COLAR, DE: OURO, PESO LOTE: 39,51G (TRINTA E NOVE GRAMAS E CINQUENTA E UM CENTIGRAMAS) R$ 6.122,00 
"
01499-0; 460,00 ;3,51;" UMA ALIANÇA, DE: OURO; CONSTAM: inscrições, PESO LOTE: 3,51G (TRES GRAMAS E CINQUENTA E UM CENTIGRAMAS) R$ 460,00 
"
01505-9;5.854,00 ;59,60;" UM RELÓGIOMIRVAINE MASCULINO, PULSEIRA NÃO ORIGINAL, COROA METAL NÃO NOBRE, MANCHAS NO MOSTRADOR, DE: OURO; CONSTAM: amassada(s), defeito(s), PESO LOTE: 59,60G (CINQUENTA E NOVE GRAMAS E SESSENTA CENTIGRAMAS) R$ 5.854,00 
"
01506-7;6.237,00 ;50,80;" UM RELÓGIO(MIRVAINE FEMININO, OURO, NÃO FUNCIONA, DEFEITOS, PESO 28,3G), UM RELÓGIO, (CLASSIC VEMININO, OURO, OURO BRANCO, NÃO FUNCIONA, DEFEITOS, PESO 22,5G), DE: OURO, OURO BRANCO; CONSTAM: amolgada(s), PESO LOTE: 50,80G (CINQUENTA GRAMAS E OITENTA CENTIGRAMAS) R$ 6.237,00 
"
01510-5;3.008,00 ;22,90;" UM BROCHE, DE: OURO; CONSTAM: amolgada(s), PESO LOTE: 22,90G (VINTE E DOIS GRAMAS E NOVENTA CENTIGRAMAS) R$ 3.008,00 
"
01547-4; 678,00 ;4,46;" UMA ALIANÇA, UM COLAR, UM PENDENTE, DE: OURO; CONSTAM: amolgada(s), PESO LOTE: 4,46G (QUATRO GRAMAS E QUARENTA E SEIS CENTIGRAMAS) R$ 678,00 
"
01570-9;4.244,00 ;28,67;" DOIS COLARES, DOIS PENDENTES, UMA PULSEIRA, DE: OURO; CONSTAM: amolgada(s), PESO LOTE: 28,67G (VINTE E OITO GRAMAS E SESSENTA E SETE CENTIGRAMAS) R$ 4.244,00 
"
01579-2;2.633,00 ;17,14;" UM COLAR, DUAS PULSEIRAS, DOIS PENDENTES, DE: OURO; CONSTAM: amolgada(s), PESO LOTE: 17,14G (DEZESSETE GRAMAS E QUATORZE CENTIGRAMAS) R$ 2.633,00 
"
01585-7;6.008,00 ;42,02;" UMA PULSEIRA, DOIS COLARES, DE: OURO; CONSTAM: amolgada(s), PESO LOTE: 42,02G (QUARENTA E DOIS GRAMAS E DOIS CENTIGRAMAS) R$ 6.008,00 
"
01593-8; 958,00 ;6,47;" DUAS ALIANÇAS, DE: OURO; CONSTAM: amolgada(s), inscrições, PESO LOTE: 6,47G (SEIS GRAMAS E QUARENTA E SETE CENTIGRAMAS) R$ 958,00 
"
01621-7; 270,00 ;1,92;" UMA ALIANÇA, DE: OURO; CONSTAM: inscrições, PESO LOTE: 1,92G (UM GRAMAS E NOVENTA E DOIS CENTIGRAMA) R$ 270,00 
"
01666-7;1.641,00 ;11,67;" UM BROCHE, UM COLAR, DE: OURO; CONSTAM: amolgada(s), inscrições, PESO LOTE: 11,67G (ONZE GRAMAS E SESSENTA E SETE CENTIGRAMAS) R$ 1.641,00 
"
01684-5;1.893,00 ;12,03;" UM ANEL, DOIS BRINCOS, UM PENDENTE, UMA PULSEIRA, DE: OURO BRANCO, OURO; CONSTAM: amolgada(s), PESO LOTE: 12,03G (DOZE GRAMAS E TRES CENTIGRAMAS) R$ 1.893,00 
"
01706-0;1.709,00 ;11,74;" UM COLAR, DE: OURO; CONSTAM: amolgada(s), PESO LOTE: 11,74G (ONZE GRAMAS E SETENTA E QUATRO CENTIGRAMAS) R$ 1.709,00 
"
01708-6;2.785,00 ;18,75;" UMA PULSEIRA, DE: OURO; CONSTAM: amolgada(s), PESO LOTE: 18,75G (DEZOITO GRAMAS E SETENTA E CINCO CENTIGRAMAS) R$ 2.785,00 
"
01727-2;16.208,00 ;108,53;" DOIS COLARES, UM PENDENTE, DE: OURO; CONSTAM: amolgada(s), PESO LOTE: 108,53G (CENTO E OITO GRAMAS E CINQUENTA E TRES CENTIGRAMAS) R$ 16.208,00 
"
01733-7;5.472,00 ;39,41;" DUAS ALIANÇAS, DOIS COLARES, DOIS PENDENTES, (UM DELES SEM CONTRA-ARGOLA), UMA PULSEIRA, DE: OURO, OURO BRANCO; CONSTAM: amolgada(s), incompleta(s), inscrições, partida(s), PESO LOTE: 39,41G (TRINTA E NOVE GRAMAS E QUARENTA E UM CENTIGRAMAS) R$ 5.472,00 
"
01736-1;9.761,00 ;63,98;" CINCO PULSEIRAS, DE: OURO; CONSTAM: amolgada(s), PESO LOTE: 63,98G (SESSENTA E TRES GRAMAS E NOVENTA E OITO CENTIGRAMAS) R$ 9.761,00 
"
01742-6;5.814,00 ;38,45;" TRES COLARES, UM PENDENTE, DUAS PULSEIRAS, UMA TORNOZELEIRA, UM ESCAPULARIO, DE: OURO; CONSTAM: amolgada(s), PESO LOTE: 38,45G (TRINTA E OITO GRAMAS E QUARENTA E CINCO CENTIGRAMAS) R$ 5.814,00 
"
01751-5;2.728,00 ;20,99;" DUAS PULSEIRAS, DE: OURO; CONSTAM: amolgada(s), PESO LOTE: 20,99G (VINTE GRAMAS E NOVENTA E NOVE CENTIGRAMAS) R$ 2.728,00 
"
01756-6; 231,00 ;1,76;" UMA ALIANÇA, DE: OURO; CONSTAM: amolgada(s), inscrições, PESO LOTE: 1,76G (UM GRAMAS E SETENTA E SEIS CENTIGRAMA) R$ 231,00 
"
01762-0;3.542,00 ;24,77;" UMA ALIANÇA, UM BRINCO, UM COLAR, DUAS PULSEIRAS, DE: OURO; CONSTAM: amolgada(s), inscrições, PESO LOTE: 24,77G (VINTE E QUATRO GRAMAS E SETENTA E SETE CENTIGRAMAS) R$ 3.542,00 
"
01763-9;4.860,00 ;32,99;" UM COLAR, UMA PULSEIRA, DE: OURO; CONSTAM: amolgada(s), inscrições, PESO LOTE: 32,99G (TRINTA E DOIS GRAMAS E NOVENTA E NOVE CENTIGRAMAS) R$ 4.860,00 
"
01764-7;2.507,00 ;18,17;" UMA PULSEIRA, DE: OURO; CONSTAM: amolgada(s), PESO LOTE: 18,17G (DEZOITO GRAMAS E DEZESSETE CENTIGRAMAS) R$ 2.507,00 
"
01765-5;3.631,00 ;27,05;" UMA PULSEIRA, DE: OURO; CONSTAM: amolgada(s), PESO LOTE: 27,05G (VINTE E SETE GRAMAS E CINCO CENTIGRAMAS) R$ 3.631,00 
"
01774-4;1.101,00 ;4,34;" UMA ALIANÇA, DE: OURO; CONSTAM: amolgada(s), inscrições, PESO LOTE: 4,34G (QUATRO GRAMAS E TRINTA E QUATRO CENTIGRAMAS) R$ 1.101,00 
"
01775-2;6.039,00 ;42,32;" UMA PULSEIRA, DE: OURO; CONSTAM: amolgada(s), defeito(s), PESO LOTE: 42,32G (QUARENTA E DOIS GRAMAS E TRINTA E DOIS CENTIGRAMAS) R$ 6.039,00 
"
01778-7;7.949,00 ;52,79;" UM COLAR, UM PENDENTE, DE: OURO; CONSTAM: amolgada(s), PESO LOTE: 52,79G (CINQUENTA E DOIS GRAMAS E SETENTA E NOVE CENTIGRAMAS) R$ 7.949,00 
"
01779-5;3.590,00 ;79,33;" UM RELÓGIODE BOLSO S MARCA MOSTRADOR TRINCADO, DUAS CAPAS AMASSADO, INSCRIÇOES INTERNAS, DE: DOURADO, CONTRA ARGOLA, OURO; CONSTAM: amolgada(s), PESO LOTE: 79,33G (SETENTA E NOVE GRAMAS E TRINTA E TRES CENTIGRAMAS) R$ 3.590,00 
"
01794-9; 723,00 ;5,01;" DUAS ALIANÇAS, DE: OURO; CONSTAM: amolgada(s), inscrições, PESO LOTE: 5,01G (CINCO GRAMA E UM CENTIGRAMAS) R$ 723,00 
"
01801-5;;27,39;" UMA PULSEIRA, DE: OURO; CONSTAM: amolgada(s), PESO LOTE: 27,39G (VINTE E SETE GRAMAS E TRINTA E NOVE CENTIGRAMAS) R$ 3.999,00 Centralizadora: AG. PRACA RUI BARBOSA, RS 0453 Licitação de Jóias Data da Licitação: 27/02/2023 LOTE/CONTRATO DESCRIÇÃO VALOR ANOTAÇÕES Página 29 de 73 
"
01838-4; 173,00 ;1,24;" UMA ALIANÇA, DE: OURO; CONSTAM: amolgada(s), inscrições, PESO LOTE: 1,24G (UM GRAMAS E VINTE E QUATRO CENTIGRAMA) R$ 173,00 
"
01846-5; 761,00 ;5,29;" UM COLAR, UMA PULSEIRA, DE: OURO; CONSTAM: amolgada(s), PESO LOTE: 5,29G (CINCO GRAMAS E VINTE E NOVE CENTIGRAMAS) R$ 761,00 
"
01856-2;2.916,00 ;20,63;" UMA ALIANÇA, UMA PULSEIRA, DE: OURO; CONSTAM: amolgada(s), PESO LOTE: 20,63G (VINTE GRAMAS E SESSENTA E TRES CENTIGRAMAS) R$ 2.916,00 
"
01858-9;11.480,00 ;77,90;" UM COLAR, UM PENDENTE, DE: OURO BRANCO, OURO; CONSTAM: amolgada(s), inscrições, PESO LOTE: 77,90G (SETENTA E SETE GRAMAS E NOVENTA CENTIGRAMAS) R$ 11.480,00 
"
01872-4;;2,75;" UM COLAR, UM PENDENTE, DE: OURO; CONSTAM: amolgada(s), PESO LOTE: 2,75G (DOIS GRAMAS E SETENTA E CINCO CENTIGRAMAS) R$ 444,00 Centralizadora: AG. PRACA RUI BARBOSA, RS 0453 Licitação de Jóias Data da Licitação: 27/02/2023 LOTE/CONTRATO DESCRIÇÃO VALOR ANOTAÇÕES Página 30 de 73 
"
01886-4;3.607,00 ;25,53;" DUAS ALIANÇAS, UM PENDENTE, UM COLAR, DE: OURO; CONSTAM: amolgada(s), partida(s), inscrições, PESO LOTE: 25,53G (VINTE E CINCO GRAMAS E CINQUENTA E TRES CENTIGRAMAS) R$ 3.607,00 
"
01893-7;3.605,00 ;25,51;" DOIS ANÉIS, UMA PULSEIRA, DE: OURO BRANCO, OURO; CONSTAM: amassada(s), PESO LOTE: 25,51G (VINTE E CINCO GRAMAS E CINQUENTA E UM CENTIGRAMAS) R$ 3.605,00 
"
01899-6; 395,00 ;2,44;" UM COLAR, UM PENDENTE, DE: OURO; CONSTAM: amolgada(s), PESO LOTE: 2,44G (DOIS GRAMAS E QUARENTA E QUATRO CENTIGRAMAS) R$ 395,00 
"
01903-8;6.432,00 ;44,22;" DUAS PULSEIRAS, DE: OURO; CONSTAM: amolgada(s), PESO LOTE: 44,22G (QUARENTA E QUATRO GRAMAS E VINTE E DOIS CENTIGRAMAS) R$ 6.432,00 
"
01904-6; 387,00 ;2,96;" UM COLAR, DE: OURO; CONSTAM: partida(s), amolgada(s), PESO LOTE: 2,96G (DOIS GRAMAS E NOVENTA E SEIS CENTIGRAMAS) R$ 387,00 
"
01915-1; 810,00 ;6,17;" UMA ALIANÇA, DE: OURO; CONSTAM: amolgada(s), inscrições, PESO LOTE: 6,17G (SEIS GRAMAS E DEZESSETE CENTIGRAMAS) R$ 810,00 
"
01919-4;1.071,00 ;7,39;" UM ANEL, DE: OURO; CONSTAM: amolgada(s), PESO LOTE: 7,39G (SETE GRAMAS E TRINTA E NOVE CENTIGRAMAS) R$ 1.071,00 
"
01922-4;3.075,00 ;19,54;" UM COLAR, UMA PULSEIRA, DE: OURO, OURO RODINADO; CONSTAM: amolgada(s), PESO LOTE: 19,54G (DEZENOVE GRAMAS E CINQUENTA E QUATRO CENTIGRAMAS) R$ 3.075,00 
"
01924-0;2.200,00 ;14,05;" UM COLAR, DE: OURO; CONSTAM: amolgada(s), PESO LOTE: 14,05G (QUATORZE GRAMAS E CINCO CENTIGRAMAS) R$ 2.200,00 
"
01925-9;4.550,00 ;32,51;" UMA PULSEIRA, DE: OURO; CONSTAM: amolgada(s), PESO LOTE: 32,51G (TRINTA E DOIS GRAMAS E CINQUENTA E UM CENTIGRAMAS) R$ 4.550,00 
"
01975-5; 515,00 ;70,71;" UM RELÓGIOLONGINES, MODELO CLASSIQUE, REF L5.503.4, ELETRÔNICO, CAL. L251-2, N SERIE 29855507, FUNCIONANDO, DE: AÇO; CONSTAM: amolgada(s), (SINAIS DE USO, PONTEIROS E INDICADORES LEVEMENTE OXIDADOS), PESO LOTE: 70,71G (SETENTA GRAMAS E SETENTA E UM R$ 515,00 
"
01993-3; 688,00 ;5,25;" UMA ALIANÇA, DE: OURO; CONSTAM: amolgada(s), PESO LOTE: 5,25G (CINCO GRAMAS E VINTE E CINCO CENTIGRAMAS) R$ 688,00 
"
01997-6;3.049,00 ;24,19;" UM COLAR, UM PENDENTE, - RELÓGIO (MARCA INDEFINIDA, NÃO FUNCIONANDO), DE: OURO; CONSTAM: amolgada(s), defeito(s), PESO LOTE: 24,19G (VINTE E QUATRO GRAMAS E DEZENOVE CENTIGRAMAS) R$ 3.049,00 
"
02007-9;7.094,00 ;43,31;" UM COLAR, UM PENDENTE, DE: OURO; CONSTAM: amolgada(s), PESO LOTE: 43,31G (QUARENTA E TRES GRAMAS E TRINTA E UM CENTIGRAMAS) R$ 7.094,00 
"
02008-7;7.363,00 ;44,96;" UM COLAR, DE: OURO; CONSTAM: amolgada(s), PESO LOTE: 44,96G (QUARENTA E QUATRO GRAMAS E NOVENTA E SEIS CENTIGRAMAS) R$ 7.363,00 
"
02010-9; 710,00 ;5,42;" UM COLAR, UM PENDENTE, DE: OURO; CONSTAM: amolgada(s), PESO LOTE: 5,42G (CINCO GRAMAS E QUARENTA E DOIS CENTIGRAMAS) R$ 710,00 
"
02017-6;3.500,00 ;30,52;" UM RELÓGIO PULSEIRAMARCA SIVEL - NÃO FUNCIONA, DE: OURO, METAL NÃO NOBRE; CONSTAM: amolgada(s), defeito(s), PESO LOTE: 30,52G (TRINTA GRAMAS E CINQUENTA E DOIS CENTIGRAMAS) R$ 3.500,00 
"
02019-2; 291,00 ;2,26;" UMA ALIANÇA, DE: OURO; CONSTAM: amolgada(s), inscrições, PESO LOTE: 2,26G (DOIS GRAMAS E VINTE E SEIS CENTIGRAMAS) R$ 291,00 
"
02020-6;3.011,00 ;19,45;" DUAS PULSEIRASCOM PENDENTES, DE: OURO; CONSTAM: amolgada(s), PESO LOTE: 19,45G (DEZENOVE GRAMAS E QUARENTA E CINCO CENTIGRAMAS) R$ 3.011,00 
"
02021-4; 757,00 ;4,85;" UMA PULSEIRA, DE: OURO; CONSTAM: amolgada(s), PESO LOTE: 4,85G (QUATRO GRAMAS E OITENTA E CINCO CENTIGRAMAS) R$ 757,00 
"
02025-7;4.289,00 ;29,85;" QUATRO PULSEIRAS, DE: OURO; CONSTAM: amolgada(s), PESO LOTE: 29,85G (VINTE E NOVE GRAMAS E OITENTA E CINCO CENTIGRAMAS) R$ 4.289,00 
"
02036-2;1.935,00 ;13,62;" UMA PULSEIRA, DE: OURO; CONSTAM: amolgada(s), PESO LOTE: 13,62G (TREZE GRAMAS E SESSENTA E DOIS CENTIGRAMAS) R$ 1.935,00 
"
02038-9; 167,00 ;1,15;" DOIS PENDENTES, DE: OURO; CONSTAM: amolgada(s), PESO LOTE: 1,15G (UM GRAMAS E QUINZE CENTIGRAMA) R$ 167,00 
"
02040-0;2.570,00 ;17,65;" DUAS ALIANÇAS, DE: OURO; CONTÉM: marfim; CONSTAM: amolgada(s), inscrições, PESO LOTE: 17,65G (DEZESSETE GRAMAS E SESSENTA E CINCO CENTIGRAMAS) R$ 2.570,00 
"
02041-9;2.084,00 ;14,30;" DOIS BRINCOS, DOIS COLARES, DE: OURO; CONSTAM: amolgada(s), monograma, PESO LOTE: 14,30G (QUATORZE GRAMAS E TRINTA CENTIGRAMAS) R$ 2.084,00 
"
02042-7;1.031,00 ;10,35;" UM PENDENTE, UMA PULSEIRA, DE: OURO; CONTÉM: marfim; CONSTAM: amolgada(s), PESO LOTE: 10,35G (DEZ GRAMAS E TRINTA E CINCO CENTIGRAMAS) R$ 1.031,00 
"
02051-6; 997,00 ;7,49;" UM COLAR, UM PENDENTE, DE: OURO; CONSTAM: amassada(s), defeito(s), PESO LOTE: 7,49G (SETE GRAMAS E QUARENTA E NOVE CENTIGRAMAS) R$ 997,00 
"
02052-4; 697,00 ;4,91;" DOIS ANÉIS, UM COLAR, DE: OURO; CONSTAM: amassada(s), partida(s), PESO LOTE: 4,91G (QUATRO GRAMAS E NOVENTA E UM CENTIGRAMAS) R$ 697,00 
"
02053-2;1.117,00 ;8,45;" UMA ALIANÇA, DE: OURO; CONSTAM: amolgada(s), inscrições, PESO LOTE: 8,45G (OITO GRAMAS E QUARENTA E CINCO CENTIGRAMAS) R$ 1.117,00 
"
02055-9;2.315,00 ;16,12;" DUAS ALIANÇAS, UM BROCHE, DE: OURO; CONSTAM: amolgada(s), falta, inscrições, PESO LOTE: 16,12G (DEZESSEIS GRAMAS E DOZE CENTIGRAMAS) R$ 2.315,00 
"
02057-5;1.810,00 ;11,30;" UM ANEL, UM PENDENTE, DE: OURO; CONSTAM: amolgada(s), PESO LOTE: 11,30G (ONZE GRAMAS E TRINTA CENTIGRAMAS) R$ 1.810,00 
"
02065-6; 282,00 ;1,95;" UM COLAR, UM PENDENTE, DE: OURO; CONSTAM: amolgada(s), incompleta(s), partida(s), PESO LOTE: 1,95G (UM GRAMAS E NOVENTA E CINCO CENTIGRAMA) R$ 282,00 
"
02067-2; 208,00 ;1,47;" UMA ALIANÇA, DE: OURO; CONSTAM: amolgada(s), PESO LOTE: 1,47G (UM GRAMAS E QUARENTA E SETE CENTIGRAMA) R$ 208,00 
"
02070-2;1.355,00 ;10,32;" UMA ALIANÇA, DE: OURO; CONSTAM: amolgada(s), inscrições, PESO LOTE: 10,32G (DEZ GRAMAS E TRINTA E DOIS CENTIGRAMAS) R$ 1.355,00 
"
02090-7;1.236,00 ;8,10;" UM COLAR, DE: OURO, PESO LOTE: 8,10G (OITO GRAMAS E DEZ CENTIGRAMAS) R$ 1.236,00 
"
02120-2;5.489,00 ;35,36;" QUATRO PULSEIRAS(SEGURANÇA METAL NAO NOBRE), DE: OURO, OURO BRANCO, PESO LOTE: 35,36G (TRINTA E CINCO GRAMAS E TRINTA E SEIS CENTIGRAMAS) R$ 5.489,00 
"
02121-0;5.607,00 ;37,49;" UM COLAR, UMA PULSEIRA, (SEG METAL NAO NOBRE), DE: OURO; CONSTAM: amassada(s), PESO LOTE: 37,49G (TRINTA E SETE GRAMAS E QUARENTA E NOVE CENTIGRAMAS) R$ 5.607,00 
"
02128-8;1.015,00 ;7,73;" UMA PULSEIRA, DE: OURO, OURO BRANCO; CONSTAM: defeito(s), incompleta(s), partida(s), PESO LOTE: 7,73G (SETE GRAMAS E SETENTA E TRES CENTIGRAMAS) R$ 1.015,00 
"
02135-0; 166,00 ;1,19;" UM ANEL, DE: OURO, PESO LOTE: 1,19G (UM GRAMAS E DEZENOVE CENTIGRAMA) R$ 166,00 
"
02136-9;3.760,00 ;25,64;" UMA PULSEIRA, DE: OURO; CONSTAM: amassada(s), defeito(s), (FECHO), PESO LOTE: 25,64G (VINTE E CINCO GRAMAS E SESSENTA E QUATRO CENTIGRAMAS) R$ 3.760,00 
"
02150-4;1.174,00 ;7,72;" UM ANEL, UMA PULSEIRA, DE: OURO; CONSTAM: inscrições, PESO LOTE: 7,72G (SETE GRAMAS E SETENTA E DOIS CENTIGRAMAS) R$ 1.174,00 
"
02154-7;1.307,00 ;9,00;" DOIS BRINCOS, DE: OURO; CONSTAM: amassada(s), PESO LOTE: 9,00G (NOVE GRAMAS) R$ 1.307,00 
"
02190-3; 536,00 ;3,65;" DUAS ALIANÇAS, DE: OURO; CONSTAM: amolgada(s), inscrições, PESO LOTE: 3,65G (TRES GRAMAS E SESSENTA E CINCO CENTIGRAMAS) R$ 536,00 
"
02191-1;3.481,00 ;25,20;" UM COLAR, DE: OURO, OURO RODINADO; CONSTAM: amolgada(s), PESO LOTE: 25,20G (VINTE E CINCO GRAMAS E VINTE CENTIGRAMAS) R$ 3.481,00 
"
02209-8;4.982,00 ;32,50;" UM COLAR, DE: OURO, PESO LOTE: 32,50G (TRINTA E DOIS GRAMAS E CINQUENTA CENTIGRAMAS) R$ 4.982,00 
"
02213-6; 641,00 ;4,39;" DOIS ESCAPULARIO, DE: OURO, PESO LOTE: 4,39G (QUATRO GRAMAS E TRINTA E NOVE CENTIGRAMAS) R$ 641,00 
"
02214-4; 327,00 ;2,00;" UM COLAR, UM PENDENTE, DE: OURO, PESO LOTE: 2,00G (DOIS GRAMAS) R$ 327,00 
"
02230-6;1.222,00 ;9,33;" UMA ALIANÇA, DE: OURO, OURO BRANCO; CONSTAM: amolgada(s), inscrições, PESO LOTE: 9,33G (NOVE GRAMAS E TRINTA E TRES CENTIGRAMAS) R$ 1.222,00 
"
02232-2;;16,52;" UM ANEL, DOIS BRINCOS, DE: OURO, PESO LOTE: 16,52G (DEZESSEIS GRAMAS E CINQUENTA E DOIS CENTIGRAMAS) R$ 2.412,00 Centralizadora: AG. PRACA RUI BARBOSA, RS 0453 Licitação de Jóias Data da Licitação: 27/02/2023 LOTE/CONTRATO DESCRIÇÃO VALOR ANOTAÇÕES Página 38 de 73 
"
02234-9; 717,00 ;5,47;" UMA ALIANÇA, DE: OURO; CONSTAM: inscrições, PESO LOTE: 5,47G (CINCO GRAMAS E QUARENTA E SETE CENTIGRAMAS) R$ 717,00 
"
02243-8;1.350,00 ;9,64;" UM COLARCOM PENDENTE, DOIS PENDENTES, UMA PULSEIRA, DE: OURO; CONTÉM: esmalte; CONSTAM: inscrições, NOME NO COLAR, PESO LOTE: 9,64G (NOVE GRAMAS E SESSENTA E QUATRO CENTIGRAMAS) R$ 1.350,00 
"
02251-9; 292,00 ;2,23;" UM COLAR, DE: OURO; CONSTAM: amolgada(s), PESO LOTE: 2,23G (DOIS GRAMAS E VINTE E TRES CENTIGRAMAS) R$ 292,00 
"
02263-2; 558,00 ;3,82;" DOIS COLARES, DOIS PENDENTES, DE: OURO, PESO LOTE: 3,82G (TRES GRAMAS E OITENTA E DOIS CENTIGRAMAS) R$ 558,00 
"
02266-7; 495,00 ;3,39;" DOIS BRINCOS, UM COLAR, DE: OURO, PESO LOTE: 3,39G (TRES GRAMAS E TRINTA E NOVE CENTIGRAMAS) R$ 495,00 
"
02267-5;1.900,00 ;14,50;" UM COLAR, UMA PULSEIRA, DE: OURO; CONSTAM: defeito(s), partida(s), PESO LOTE: 14,50G (QUATORZE GRAMAS E CINQUENTA CENTIGRAMAS) R$ 1.900,00 
"
02275-6;;38,57;" UMA PULSEIRA; CONSTAM: amolgada(s), DE: OURO, PESO LOTE: 38,57G (TRINTA E OITO GRAMAS E CINQUENTA E SETE CENTIGRAMAS) R$ 3.455,00 Centralizadora: AG. PRACA RUI BARBOSA, RS 0453 Licitação de Jóias Data da Licitação: 27/02/2023 LOTE/CONTRATO DESCRIÇÃO VALOR ANOTAÇÕES Página 39 de 73 
"
02315-9;2.008,00 ;13,73;" DOIS COLARES, DE: OURO, OURO BRANCO; CONSTAM: incompleta(s), partida(s), PESO LOTE: 13,73G (TREZE GRAMAS E SETENTA E TRES CENTIGRAMAS) R$ 2.008,00 
"
02370-1;1.604,00 ;10,96;" DOIS BRINCOS, DUAS PULSEIRAS, DE: OURO, OURO BRANCO; CONSTAM: amolgada(s), PESO LOTE: 10,96G (DEZ GRAMAS E NOVENTA E SEIS CENTIGRAMAS) R$ 1.604,00 
"
02372-8;3.399,00 ;22,77;" UM ANEL, UMA PULSEIRA, DE: OURO, PESO LOTE: 22,77G (VINTE E DOIS GRAMAS E SETENTA E SETE CENTIGRAMAS) R$ 3.399,00 
"
02439-2;14.809,00 ;106,67;" UM COLAR, DE: OURO, PESO LOTE: 106,67G (CENTO E SEIS GRAMAS E SESSENTA E SETE CENTIGRAMAS) R$ 14.809,00 
"
02455-4; 673,00 ;4,61;" DUAS ALIANÇAS, DE: OURO; CONSTAM: amassada(s), inscrições, partida(s), PESO LOTE: 4,61G (QUATRO GRAMAS E SESSENTA E UM CENTIGRAMAS) R$ 673,00 
"
02462-7;2.000,00 ;15,45;" UM ANEL, DOIS BRINCOS, DE: OURO; CONSTAM: amassada(s), incompleta(s), partida(s), PESO LOTE: 15,45G (QUINZE GRAMAS E QUARENTA E CINCO CENTIGRAMAS) R$ 2.000,00 
"
02464-3; 760,00 ;5,83;" UMA ALIANÇA, DE: OURO; CONSTAM: amolgada(s), inscrições, PESO LOTE: 5,83G (CINCO GRAMAS E OITENTA E TRES CENTIGRAMAS) R$ 760,00 
"
02466-0;;21,91;" DOIS COLARES, DOIS PENDENTES, DE: OURO; CONSTAM: amassada(s), PESO LOTE: 21,91G (VINTE E UM GRAMAS E NOVENTA E UM CENTIGRAMAS) R$ 2.851,00 Centralizadora: AG. PRACA RUI BARBOSA, RS 0453 Licitação de Jóias Data da Licitação: 27/02/2023 LOTE/CONTRATO DESCRIÇÃO VALOR ANOTAÇÕES Página 41 de 73 
"
02473-2; 264,00 ;2,12;" UM PENDENTE, UMA TORNOZELEIRA, UM BRINCO, UM FRAGMENTO, DE BRINCO, DE: OURO; CONSTAM: amassada(s), incompleta(s), partida(s), PESO LOTE: 2,12G (DOIS GRAMAS E DOZE CENTIGRAMAS) R$ 264,00 
"
02479-1; 220,00 ;1,69;" UMA ALIANÇA, DE: OURO; CONSTAM: amolgada(s), inscrições, PESO LOTE: 1,69G (UM GRAMAS E SESSENTA E NOVE CENTIGRAMA) R$ 220,00 
"
02480-5; 855,00 ;6,53;" UM COLAR, UM PENDENTE, DE: OURO; CONSTAM: defeito(s), PESO LOTE: 6,53G (SEIS GRAMAS E CINQUENTA E TRES CENTIGRAMAS) R$ 855,00 
"
02484-8;1.064,00 ;7,71;" UM COLAR, UMA PULSEIRA, UM PENDENTE, DE: OURO, PESO LOTE: 7,71G (SETE GRAMAS E SETENTA E UM CENTIGRAMAS) R$ 1.064,00 
"
02485-6;1.286,00 ;8,67;" UM COLAR, UM PENDENTE, DE: OURO, PESO LOTE: 8,67G (OITO GRAMAS E SESSENTA E SETE CENTIGRAMAS) R$ 1.286,00 
"
02490-2; 623,00 ;4,71;" UM ANEL, TRES PENDENTES, DUAS PULSEIRAS, DE: OURO, OURO BRANCO; CONSTAM: amolgada(s), inscrições, monograma, PESO LOTE: 4,71G (QUATRO GRAMAS E SETENTA E UM CENTIGRAMAS) R$ 623,00 
"
02509-7; 941,00 ;6,31;" UMA PULSEIRA, DE: OURO; CONSTAM: amolgada(s), PESO LOTE: 6,31G (SEIS GRAMAS E TRINTA E UM CENTIGRAMAS) R$ 941,00 
"
02523-2;2.070,00 ;13,70;" UMA ALIANÇA, DOIS BRINCOS, DE: OURO; CONSTAM: amolgada(s), inscrições, PESO LOTE: 13,70G (TREZE GRAMAS E SETENTA CENTIGRAMAS) R$ 2.070,00 
"
02561-5;5.392,00 ;37,04;" UM ANEL, UM COLAR, UM PENDENTE, DE: OURO; CONSTAM: amolgada(s), inscrições, PESO LOTE: 37,04G (TRINTA E SETE GRAMAS E QUATRO CENTIGRAMAS) R$ 5.392,00 
"
02577-1;1.476,00 ;10,45;" UMA PULSEIRA, DE: OURO; CONSTAM: amassada(s), amolgada(s), PESO LOTE: 10,45G (DEZ GRAMAS E QUARENTA E CINCO CENTIGRAMAS) R$ 1.476,00 
"
02604-2; 779,00 ;5,05;" UM ANEL, DE: OURO; CONSTAM: amolgada(s), PESO LOTE: 5,05G (CINCO GRAMAS E CINCO CENTIGRAMAS) R$ 779,00 
"
02605-0;4.368,00 ;29,10;" UM COLAR, UM PENDENTE, DE: OURO, OURO BRANCO; CONSTAM: amassada(s), inscrições, PESO LOTE: 29,10G (VINTE E NOVE GRAMAS E DEZ CENTIGRAMAS) R$ 4.368,00 
"
02617-4;6.637,00 ;50,17;" UMA PULSEIRA, DE: OURO; CONSTAM: amolgada(s), PESO LOTE: 50,17G (CINQUENTA GRAMAS E DEZESSETE CENTIGRAMAS) R$ 6.637,00 
"
02621-2;4.614,00 ;32,60;" UM COLAR, UM PENDENTE, UMA PULSEIRA, DE: OURO; CONSTAM: amolgada(s), PESO LOTE: 32,60G (TRINTA E DOIS GRAMAS E SESSENTA CENTIGRAMAS) R$ 4.614,00 
"
02628-0;;6,47;" UMA ALIANÇA, DE: OURO; CONSTAM: amolgada(s), PESO LOTE: 6,47G (SEIS GRAMAS E QUARENTA E SETE CENTIGRAMAS) R$ 951,00 Centralizadora: AG. PRACA RUI BARBOSA, RS 0453 Licitação de Jóias Data da Licitação: 27/02/2023 LOTE/CONTRATO DESCRIÇÃO VALOR ANOTAÇÕES Página 43 de 73 
"
02675-1;3.269,00 ;27,09;" UM RELÓGIO PULSEIRAMARCA STUDIO, DE: OURO, METAL NÃO NOBRE; CONSTAM: amolgada(s), defeito(s), PESO LOTE: 27,09G (VINTE E SETE GRAMAS E NOVE CENTIGRAMAS) R$ 3.269,00 
"
02683-2;1.045,00 ;7,20;" UMA ALIANÇA, DE: OURO; CONSTAM: amolgada(s), PESO LOTE: 7,20G (SETE GRAMAS E VINTE CENTIGRAMAS) R$ 1.045,00 
"
02685-9;1.221,00 ;8,31;" UM COLAR, DE: OURO; CONSTAM: amolgada(s), PESO LOTE: 8,31G (OITO GRAMAS E TRINTA E UM CENTIGRAMAS) R$ 1.221,00 
"
02689-1;2.152,00 ;16,42;" UM COLAR, DOIS PENDENTES, DE: OURO, DOURADO, (FECHO); CONSTAM: amolgada(s), defeito(s), PESO LOTE: 16,42G (DEZESSEIS GRAMAS E QUARENTA E DOIS CENTIGRAMAS) R$ 2.152,00 
"
02692-1; 465,00 ;3,55;" UMA ALIANÇA, DE: OURO; CONSTAM: amolgada(s), inscrições, PESO LOTE: 3,55G (TRES GRAMAS E CINQUENTA E CINCO CENTIGRAMAS) R$ 465,00 
"
02693-0;3.281,00 ;22,97;" DUAS ALIANÇAS, DUAS PULSEIRAS, DE: OURO; CONSTAM: amassada(s), inscrições, PESO LOTE: 22,97G (VINTE E DOIS GRAMAS E NOVENTA E SETE CENTIGRAMAS) R$ 3.281,00 
"
02695-6;1.955,00 ;14,92;" UMA PULSEIRA, UM COLAR, DE: OURO; CONSTAM: amolgada(s), PESO LOTE: 14,92G (QUATORZE GRAMAS E NOVENTA E DOIS CENTIGRAMAS) R$ 1.955,00 
"
02708-1; 309,00 ;2,36;" DOIS COLARES, DE: OURO; CONSTAM: defeito(s), partida(s), faltas, PESO LOTE: 2,36G (DOIS GRAMAS E TRINTA E SEIS CENTIGRAMAS) R$ 309,00 
"
02709-0; 638,00 ;4,87;" UMA ALIANÇA, DE: OURO; CONSTAM: amolgada(s), inscrições, PESO LOTE: 4,87G (QUATRO GRAMAS E OITENTA E SETE CENTIGRAMAS) R$ 638,00 
"
02711-1; 318,00 ;2,16;" UMA ALIANÇA, DE: OURO; CONSTAM: amolgada(s), inscrições, PESO LOTE: 2,16G (DOIS GRAMAS E DEZESSEIS CENTIGRAMAS) R$ 318,00 
"
02714-6; 907,00 ;6,92;" UM ANEL, DOIS BRINCOS, DE: OURO, OURO BRANCO; CONSTAM: amolgada(s), PESO LOTE: 6,92G (SEIS GRAMAS E NOVENTA E DOIS CENTIGRAMAS) R$ 907,00 
"
02716-2; 199,00 ;1,38;" UM ANEL, DE: OURO; CONSTAM: amolgada(s), PESO LOTE: 1,38G (UM GRAMAS E TRINTA E OITO CENTIGRAMA) R$ 199,00 
"
02722-7;2.099,00 ;22,37;" UMA ALIANÇA, UM RELÓGIO, LONGINES - PARADO - MOSTRADOR MANCHADO - VIDRO MARCADO - COM INSCRIÇÕES E SEM PULSEIRA, DE: OURO; CONSTAM: amolgada(s), inscrições, PESO LOTE: 22,37G (VINTE E DOIS GRAMAS E TRINTA E SETE CENTIGRAMAS) R$ 2.099,00 
"
02725-1;1.194,00 ;9,11;" UM COLAR, DE: OURO; CONSTAM: amolgada(s), PESO LOTE: 9,11G (NOVE GRAMAS E ONZE CENTIGRAMAS) R$ 1.194,00 
"
02730-8;2.092,00 ;15,97;" DOIS ANÉIS, UM PENDENTE, DE: OURO BRANCO, OURO; CONSTAM: amolgada(s), iniciais, inscrições, PESO LOTE: 15,97G (QUINZE GRAMAS E NOVENTA E SETE CENTIGRAMAS) R$ 2.092,00 
"
02731-6; 588,00 ;3,68;" UM ANEL, DE: OURO, ( 22 K ); CONSTAM: amassada(s), amolgada(s), PESO LOTE: 3,68G (TRES GRAMAS E SESSENTA E OITO CENTIGRAMAS) R$ 588,00 
"
02733-2; 960,00 ;7,33;" DUAS ALIANÇAS, DE: OURO; CONSTAM: amolgada(s), inscrições, PESO LOTE: 7,33G (SETE GRAMAS E TRINTA E TRES CENTIGRAMAS) R$ 960,00 
"
02735-9;1.244,00 ;11,00;" UMA ALIANÇA, DE: OURO, PESO LOTE: 11,00G (ONZE GRAMAS) R$ 1.244,00 
"
02788-0; 677,00 ;5,10;" UM COLAR, UM PENDENTE, UM ANEL, DE: OURO, PESO LOTE: 5,10G (CINCO GRAMAS E DEZ CENTIGRAMAS) R$ 677,00 
"
02804-5;2.361,00 ;16,15;" DOIS BRINCOS, DUAS PULSEIRAS, DE: OURO; CONSTAM: amolgada(s), PESO LOTE: 16,15G (DEZESSEIS GRAMAS E QUINZE CENTIGRAMAS) R$ 2.361,00 
"
02855-0; 456,00 ;3,40;" DUAS ALIANÇAS, DE: OURO; CONSTAM: amolgada(s), PESO LOTE: 3,40G (TRES GRAMAS E QUARENTA CENTIGRAMAS) R$ 456,00 
"
02864-9; 234,00 ;1,57;" UM BRINCO, DE: OURO BRANCO, OURO; CONSTAM: incompleta(s), PESO LOTE: 1,57G (UM GRAMAS E CINQUENTA E SETE CENTIGRAMA) R$ 234,00 
"
02883-5;1.798,00 ;42,05;" UM RELÓGIODE BOLSO ULYSSE NARDIN UMA CAPA NÃO FUNCIONA, DE: OURO, PESO LOTE: 42,05G (QUARENTA E DOIS GRAMAS E CINCO CENTIGRAMAS) R$ 1.798,00 
"
02936-0;1.256,00 ;8,50;" DOIS PENDENTES, UMA PULSEIRA, DE: OURO, OURO BRANCO, PESO LOTE: 8,50G (OITO GRAMAS E CINQUENTA CENTIGRAMAS) R$ 1.256,00 
"
02939-4;1.433,00 ;9,60;" DOIS COLARES, DE: OURO, PESO LOTE: 9,60G (NOVE GRAMAS E SESSENTA CENTIGRAMAS) R$ 1.433,00 
"
02940-8; 484,00 ;3,12;" UM ESCAPULARIO, DE: OURO, PESO LOTE: 3,12G (TRES GRAMAS E DOZE CENTIGRAMAS) R$ 484,00 
"
02946-7; 543,00 ;3,55;" UMA ALIANÇA, DE: OURO, PESO LOTE: 3,55G (TRES GRAMAS E CINQUENTA E CINCO CENTIGRAMAS) R$ 543,00 
"
02982-3;;43,70;" UMA PULSEIRA, DE: OURO, PESO LOTE: 43,70G (QUARENTA E TRES GRAMAS E SETENTA CENTIGRAMAS) R$ 5.881,00 Centralizadora: AG. PRACA RUI BARBOSA, RS 0453 Licitação de Jóias Data da Licitação: 27/02/2023 LOTE/CONTRATO DESCRIÇÃO VALOR ANOTAÇÕES Página 47 de 73 
"
02997-1; 961,00 ;6,75;" DUAS ALIANÇAS, DE: OURO; CONSTAM: amolgada(s), PESO LOTE: 6,75G (SEIS GRAMAS E SETENTA E CINCO CENTIGRAMAS) R$ 961,00 
"
03012-0;1.053,00 ;7,08;" UM COLAR, UM PENDENTE, DE: OURO, PESO LOTE: 7,08G (SETE GRAMAS E OITO CENTIGRAMAS) R$ 1.053,00 
"
03015-5; 272,00 ;2,08;" UMA ALIANÇA, DE: OURO, OURO BRANCO, PESO LOTE: 2,08G (DOIS GRAMAS E OITO CENTIGRAMAS) R$ 272,00 
"
03023-6;2.641,00 ;17,20;" UMA PULSEIRA, DE: OURO, PESO LOTE: 17,20G (DEZESSETE GRAMAS E VINTE CENTIGRAMAS) R$ 2.641,00 
"
03024-4;2.575,00 ;16,82;" DOIS ANÉIS, UM COLAR, UM PENDENTE, DE: OURO, PESO LOTE: 16,82G (DEZESSEIS GRAMAS E OITENTA E DOIS CENTIGRAMAS) R$ 2.575,00 
"
03032-5; 758,00 ;5,11;" DOIS BRINCOS, UM COLAR, DOIS PENDENTES, DE: OURO BRANCO, OURO, PESO LOTE: 5,11G (CINCO GRAMAS E ONZE CENTIGRAMAS) R$ 758,00 
"
03035-0;1.053,00 ;6,80;" UMA ALIANÇA, DE: OURO, OURO BRANCO; CONSTAM: amolgada(s), PESO LOTE: 6,80G (SEIS GRAMAS E OITENTA CENTIGRAMAS) R$ 1.053,00 
"
03054-6; 253,00 ;1,64;" UMA ALIANÇA, DE: OURO, PESO LOTE: 1,64G (UM GRAMAS E SESSENTA E QUATRO CENTIGRAMA) R$ 253,00 
"
03055-4; 371,00 ;2,67;" UM ANEL, DE: OURO, OURO BRANCO; CONSTAM: amolgada(s), PESO LOTE: 2,67G (DOIS GRAMAS E SESSENTA E SETE CENTIGRAMAS) R$ 371,00 
"
03060-0;3.309,00 ;22,92;" QUATRO ALIANÇAS, UM ANEL, DE: OURO; CONSTAM: amolgada(s), PESO LOTE: 22,92G (VINTE E DOIS GRAMAS E NOVENTA E DOIS CENTIGRAMAS) R$ 3.309,00 
"
03080-5;1.566,00 ;10,35;" UMA ALIANÇA, DE: OURO, PESO LOTE: 10,35G (DEZ GRAMAS E TRINTA E CINCO CENTIGRAMAS) R$ 1.566,00 
"
03083-0;7.921,00 ;56,91;" UMA PULSEIRA, DE: OURO, OURO BRANCO; CONSTAM: amolgada(s), PESO LOTE: 56,91G (CINQUENTA E SEIS GRAMAS E NOVENTA E UM CENTIGRAMAS) R$ 7.921,00 
"
03085-6;7.010,00 ;48,01;" UM COLAR, UMA PULSEIRA, DE: OURO, PESO LOTE: 48,01G (QUARENTA E OITO GRAMA E UM CENTIGRAMAS) R$ 7.010,00 
"
03091-0;6.254,00 ;43,95;" UM COLAR, UM PENDENTE, DE: OURO, PESO LOTE: 43,95G (QUARENTA E TRES GRAMAS E NOVENTA E CINCO CENTIGRAMAS) R$ 6.254,00 
"
03092-9;6.499,00 ;45,67;" UM COLAR, UM PENDENTE, UMA PULSEIRA, DE: OURO, PESO LOTE: 45,67G (QUARENTA E CINCO GRAMAS E SESSENTA E SETE CENTIGRAMAS) R$ 6.499,00 
"
03095-3;9.497,00 ;69,27;" UMA PULSEIRA, DE: OURO, PESO LOTE: 69,27G (SESSENTA E NOVE GRAMAS E VINTE E SETE CENTIGRAMAS) R$ 9.497,00 
"
03096-1;4.574,00 ;34,36;" UMA PULSEIRA, DE: OURO; CONSTAM: amassada(s), PESO LOTE: 34,36G (TRINTA E QUATRO GRAMAS E TRINTA E SEIS CENTIGRAMAS) R$ 4.574,00 
"
03129-1; 638,00 ;4,55;" UMA ALIANÇA, UM ANEL, DOIS BRINCOS, DE: OURO; CONSTAM: amolgada(s), PESO LOTE: 4,55G (QUATRO GRAMAS E CINQUENTA E CINCO CENTIGRAMAS) R$ 638,00 
"
03142-9; 590,00 ;4,44;" UM ANEL, DE: OURO, OURO BRANCO; CONSTAM: amolgada(s), PESO LOTE: 4,44G (QUATRO GRAMAS E QUARENTA E QUATRO CENTIGRAMAS) R$ 590,00 
"
03147-0; 549,00 ;3,77;" DOIS BRINCOS, DE: OURO, PESO LOTE: 3,77G (TRES GRAMAS E SETENTA E SETE CENTIGRAMAS) R$ 549,00 
"
03150-0;8.304,00 ;57,25;" UMA PULSEIRA, DE: OURO, PESO LOTE: 57,25G (CINQUENTA E SETE GRAMAS E VINTE E CINCO CENTIGRAMAS) R$ 8.304,00 
"
03151-8;5.931,00 ;40,42;" QUATRO PULSEIRAS(UMA COM UM PENDENTE FIXO), DE: OURO; CONSTAM: amolgada(s), PESO LOTE: 40,42G (QUARENTA GRAMAS E QUARENTA E DOIS CENTIGRAMAS) R$ 5.931,00 
"
03152-6;5.786,00 ;38,85;" DOIS COLARES, QUATRO BRINCOS, UMA PULSEIRA, (PENDENTE FIXO), UM PENDENTE, UM FRAGMENTO, UMA TORNOZELEIRA, DE: OURO, OURO BRANCO, PESO LOTE: 38,85G (TRINTA E OITO GRAMAS E OITENTA E CINCO CENTIGRAMAS) R$ 5.786,00 
"
03153-4; 527,00 ;3,38;" UM COLAR, UM PENDENTE, DE: OURO, PESO LOTE: 3,38G (TRES GRAMAS E TRINTA E OITO CENTIGRAMAS) R$ 527,00 
"
03154-2; 343,00 ;2,31;" UMA PULSEIRA, DE: OURO; CONSTAM: amassada(s), PESO LOTE: 2,31G (DOIS GRAMAS E TRINTA E UM CENTIGRAMAS) R$ 343,00 
"
03156-9;4.398,00 ;30,23;" UMA PULSEIRA, DE: OURO; CONSTAM: amolgada(s), amassada(s), PESO LOTE: 30,23G (TRINTA GRAMAS E VINTE E TRES CENTIGRAMAS) R$ 4.398,00 
"
03163-1; 463,00 ;3,43;" UM COLARTIPO ESCAPULARIO, DE: OURO, PESO LOTE: 3,43G (TRES GRAMAS E QUARENTA E TRES CENTIGRAMAS) R$ 463,00 
"
03167-4; 340,00 ;2,55;" UM COLAR, UM PENDENTE, DE: OURO, PESO LOTE: 2,55G (DOIS GRAMAS E CINQUENTA E CINCO CENTIGRAMAS) R$ 340,00 
"
03189-5;3.916,00 ;25,89;" TRES ANÉIS, TRES PULSEIRAS, DE: OURO, OURO BRANCO; CONSTAM: amolgada(s), PESO LOTE: 25,89G (VINTE E CINCO GRAMAS E OITENTA E NOVE CENTIGRAMAS) R$ 3.916,00 
"
03208-5;1.490,00 ;10,56;" UMA PULSEIRA, UM ANEL, DE: OURO, OURO BRANCO, PESO LOTE: 10,56G (DEZ GRAMAS E CINQUENTA E SEIS CENTIGRAMAS) R$ 1.490,00 
"
03211-5;1.600,00 ;11,40;" QUATRO BRINCOS, UMA PULSEIRA, UM PENDENTE, DE: OURO; CONSTAM: amolgada(s), inscrições, PESO LOTE: 11,40G (ONZE GRAMAS E QUARENTA CENTIGRAMAS) R$ 1.600,00 
"
03224-7;1.400,00 ;10,27;" UM ANEL, DE: OURO, PESO LOTE: 10,27G (DEZ GRAMAS E VINTE E SETE CENTIGRAMAS) R$ 1.400,00 
"
03225-5;7.576,00 ;49,43;" UMA PULSEIRA, DE: OURO; CONSTAM: amolgada(s), PESO LOTE: 49,43G (QUARENTA E NOVE GRAMAS E QUARENTA E TRES CENTIGRAMAS) R$ 7.576,00 
"
03226-3;12.407,00 ;79,80;" UM COLAR, DE: OURO, PESO LOTE: 79,80G (SETENTA E NOVE GRAMAS E OITENTA CENTIGRAMAS) R$ 12.407,00 
"
03227-1;4.998,00 ;31,91;" UM PENDENTE, DE: OURO; CONSTAM: amolgada(s), PESO LOTE: 31,91G (TRINTA E UM GRAMAS E NOVENTA E UM CENTIGRAMAS) R$ 4.998,00 
"
03228-0; 944,00 ;5,97;" UM COLAR, UM PENDENTE, DE: OURO, PESO LOTE: 5,97G (CINCO GRAMAS E NOVENTA E SETE CENTIGRAMAS) R$ 944,00 
"
03246-8; 649,00 ;4,55;" DOIS COLARES, UM PENDENTE, DE: OURO BRANCO, OURO; CONSTAM: iniciais, partida(s), (FECHO), amassada(s), PESO LOTE: 4,55G (QUATRO GRAMAS E CINQUENTA E CINCO CENTIGRAMAS) R$ 649,00 
"
03247-6; 184,00 ;1,41;" UM ANEL, DE: OURO; CONSTAM: falta, amolgada(s), PESO LOTE: 1,41G (UM GRAMAS E QUARENTA E UM CENTIGRAMA) R$ 184,00 
"
03251-4;2.828,00 ;18,82;" DOIS COLARES, UM PENDENTE, DE: OURO, PESO LOTE: 18,82G (DEZOITO GRAMAS E OITENTA E DOIS CENTIGRAMAS) R$ 2.828,00 
"
03255-7;;3,38;" DUAS ALIANÇAS, DE: OURO; CONSTAM: amolgada(s), inscrições, PESO LOTE: 3,38G (TRES GRAMAS E TRINTA E OITO CENTIGRAMAS) R$ 474,00 Centralizadora: AG. PRACA RUI BARBOSA, RS 0453 Licitação de Jóias Data da Licitação: 27/02/2023 LOTE/CONTRATO DESCRIÇÃO VALOR ANOTAÇÕES Página 52 de 73 
"
03262-0;2.086,00 ;13,46;" DOIS COLARES, QUATRO PENDENTES, DE: OURO, OURO BRANCO; CONSTAM: iniciais, PESO LOTE: 13,46G (TREZE GRAMAS E QUARENTA E SEIS CENTIGRAMAS) R$ 2.086,00 
"
03264-6;1.402,00 ;44,50;" UM RELÓGIOMARCA DELBANA CHONOGRAPHE SEM VIDRO NÃO FUNCIONA MOSTRADOR MANCHADO PILSEIRA COURO, DE: METAL NÃO NOBRE, (TAMPA INTERNA), OURO; CONSTAM: amassada(s), defeito(s), partida(s), solta(s), faltas, PESO LOTE: 44,50G (QUARENTA E QUATRO GRAMAS E CINQUENTA CENTIGRAMAS) R$ 1.402,00 
"
03265-4; 748,00 ;5,57;" DUAS ALIANÇAS, DE: OURO; CONSTAM: amolgada(s), PESO LOTE: 5,57G (CINCO GRAMAS E CINQUENTA E SETE CENTIGRAMAS) R$ 748,00 
"
03267-0; 640,00 ;4,80;" UMA ALIANÇA, DE: OURO, PESO LOTE: 4,80G (QUATRO GRAMAS E OITENTA CENTIGRAMAS) R$ 640,00 
"
03275-1; 610,00 ;4,33;" DOIS BRINCOS, DE: OURO; CONSTAM: amolgada(s), PESO LOTE: 4,33G (QUATRO GRAMAS E TRINTA E TRES CENTIGRAMAS) R$ 610,00 
"
03282-4;1.222,00 ;8,19;" UM COLAR, DE: OURO; CONSTAM: amolgada(s), PESO LOTE: 8,19G (OITO GRAMAS E DEZENOVE CENTIGRAMAS) R$ 1.222,00 
"
03285-9;1.330,00 ;10,30;" UMA PULSEIRA, DE: OURO; CONSTAM: amassada(s), PESO LOTE: 10,30G (DEZ GRAMAS E TRINTA CENTIGRAMAS) R$ 1.330,00 
"
03290-5;5.817,00 ;40,09;" UM COLAR, UM PENDENTE, DE: OURO, PESO LOTE: 40,09G (QUARENTA GRAMAS E NOVE CENTIGRAMAS) R$ 5.817,00 
"
03291-3; 220,00 ;1,67;" UM COLAR, DE: OURO; CONSTAM: partida(s), PESO LOTE: 1,67G (UM GRAMAS E SESSENTA E SETE CENTIGRAMA) R$ 220,00 
"
03293-0;1.350,00 ;10,00;" UMA ALIANÇA, UMA PULSEIRA, DE: OURO, PESO LOTE: 10,00G (DEZ GRAMAS) R$ 1.350,00 
"
03299-9; 648,00 ;4,70;" UM COLAR, UM PENDENTE, DE: OURO, PESO LOTE: 4,70G (QUATRO GRAMAS E SETENTA CENTIGRAMAS) R$ 648,00 
"
03307-3;5.639,00 ;35,95;" DUAS PULSEIRAS, DE: OURO; CONSTAM: amolgada(s), PESO LOTE: 35,95G (TRINTA E CINCO GRAMAS E NOVENTA E CINCO CENTIGRAMAS) R$ 5.639,00 
"
03314-6; 104,00 ;0,74;" UM PENDENTE, DE: OURO, PESO LOTE: 0,74G (SETENTA E QUATRO CENTIGRAMAS) R$ 104,00 
"
03317-0; 108,00 ;0,80;" DOIS BRINCOS, DE: OURO, PESO LOTE: 0,80G (OITENTA CENTIGRAMAS) R$ 108,00 
"
03321-9; 115,00 ;0,85;" UMA ALIANÇA, DE: OURO; CONSTAM: amolgada(s), PESO LOTE: 0,85G (OITENTA E CINCO CENTIGRAMAS) R$ 115,00 
"
03323-5; 576,00 ;4,12;" UMA PULSEIRA, DE: OURO, PESO LOTE: 4,12G (QUATRO GRAMAS E DOZE CENTIGRAMAS) R$ 576,00 
"
03430-4; 303,00 ;2,11;" UMA ALIANÇA, DE: OURO; CONSTAM: inscrições, PESO LOTE: 2,11G (DOIS GRAMAS E ONZE CENTIGRAMAS) R$ 303,00 
"
03497-5; 560,00 ;4,24;" UM ANEL, UM COLAR, UM PENDENTE, DE: OURO, OURO BRANCO; CONSTAM: partida(s), PESO LOTE: 4,24G (QUATRO GRAMAS E VINTE E QUATRO CENTIGRAMAS) R$ 560,00 
"
03508-4; 680,00 ;5,19;" DUAS ALIANÇAS, DE: OURO; CONSTAM: inscrições, PESO LOTE: 5,19G (CINCO GRAMAS E DEZENOVE CENTIGRAMAS) R$ 680,00 
"
03534-3; 768,00 ;4,86;" UM PENDENTE, DE: OURO, PESO LOTE: 4,86G (QUATRO GRAMAS E OITENTA E SEIS CENTIGRAMAS) R$ 768,00 
"
03535-1;;7,13;" UMA PULSEIRA(COM UM PENDENTE FIXO), DE: OURO; CONSTAM: amassada(s), amolgada(s), PESO LOTE: 7,13G (SETE GRAMAS E TREZE CENTIGRAMAS) R$ 935,00 Centralizadora: AG. PRACA RUI BARBOSA, RS 0453 Licitação de Jóias Data da Licitação: 27/02/2023 LOTE/CONTRATO DESCRIÇÃO VALOR ANOTAÇÕES Página 55 de 73 
"
03537-8; 863,00 ;5,86;" UM COLAR, UM PENDENTE, DE: OURO; CONSTAM: amassada(s), PESO LOTE: 5,86G (CINCO GRAMAS E OITENTA E SEIS CENTIGRAMAS) R$ 863,00 
"
03538-6; 583,00 ;11,94;" UM RELÓGIO(FIDELI, OURO, PARADO , DEFEITOS , MOSTR. MANCHADO , AMASSADO), DE: OURO; CONSTAM: defeito(s), amassada(s), incompleta(s), (SEM PULSEIRA), PESO LOTE: 11,94G (ONZE GRAMAS E NOVENTA E QUATRO CENTIGRAMAS) R$ 583,00 
"
03560-2;1.339,00 ;9,58;" UM COLAR, DE: OURO; CONSTAM: amolgada(s), PESO LOTE: 9,58G (NOVE GRAMAS E CINQUENTA E OITO CENTIGRAMAS) R$ 1.339,00 
"
03575-0; 500,00 ;3,43;" DUAS ALIANÇAS, DE: OURO; CONSTAM: amolgada(s), inscrições, PESO LOTE: 3,43G (TRES GRAMAS E QUARENTA E TRES CENTIGRAMAS) R$ 500,00 
"
03576-9; 452,00 ;3,11;" UMA ALIANÇA, DE: OURO; CONSTAM: amassada(s), inscrições, PESO LOTE: 3,11G (TRES GRAMAS E ONZE CENTIGRAMAS) R$ 452,00 
"
03593-9;2.768,00 ;18,97;" DOIS COLARES, DE: OURO; CONSTAM: amolgada(s), PESO LOTE: 18,97G (DEZOITO GRAMAS E NOVENTA E SETE CENTIGRAMAS) R$ 2.768,00 
"
03636-6;5.640,00 ;43,04;" UMA PULSEIRA, DE: OURO; CONSTAM: amassada(s), PESO LOTE: 43,04G (QUARENTA E TRES GRAMAS E QUATRO CENTIGRAMAS) R$ 5.640,00 
"
03641-2; 675,00 ;4,63;" DUAS ALIANÇAS, DE: OURO, PESO LOTE: 4,63G (QUATRO GRAMAS E SESSENTA E TRES CENTIGRAMAS) R$ 675,00 
"
03648-0; 540,00 ;4,11;" UM COLAR, DOIS FRAGMENTOS, UM PENDENTE, DE: OURO, OURO RODINADO, (DETALHE); CONSTAM: amassada(s), partida(s), incompleta(s), PESO LOTE: 4,11G (QUATRO GRAMAS E ONZE CENTIGRAMAS) R$ 540,00 
"
03672-2;3.800,00 ;29,28;" UMA ALIANÇA, UMA PULSEIRA, DE: OURO; CONSTAM: amassada(s), PESO LOTE: 29,28G (VINTE E NOVE GRAMAS E VINTE E OITO CENTIGRAMAS) R$ 3.800,00 
"
03707-9;4.104,00 ;27,57;" UMA PULSEIRA, DE: OURO; CONSTAM: amolgada(s), PESO LOTE: 27,57G (VINTE E SETE GRAMAS E CINQUENTA E SETE CENTIGRAMAS) R$ 4.104,00 
"
03708-7;4.419,00 ;29,67;" UMA PULSEIRA, UMA PULSEIRA, COM PENDENTE, DE: OURO; CONSTAM: amolgada(s), PESO LOTE: 29,67G (VINTE E NOVE GRAMAS E SESSENTA E SETE CENTIGRAMAS) R$ 4.419,00 
"
03724-9;3.761,00 ;23,87;" UMA PULSEIRA, DE: OURO; CONSTAM: amolgada(s), PESO LOTE: 23,87G (VINTE E TRES GRAMAS E OITENTA E SETE CENTIGRAMAS) R$ 3.761,00 
"
03725-7;2.031,00 ;13,64;" DUAS ALIANÇAS, DE: OURO; CONSTAM: amolgada(s), PESO LOTE: 13,64G (TREZE GRAMAS E SESSENTA E QUATRO CENTIGRAMAS) R$ 2.031,00 
"
03741-9; 427,00 ;3,09;" DOIS BRINCOS, DOIS PENDENTES, DE: OURO; CONSTAM: amolgada(s), PESO LOTE: 3,09G (TRES GRAMAS E NOVE CENTIGRAMAS) R$ 427,00 
"
03743-5; 373,00 ;2,85;" DUAS ALIANÇAS, DE: OURO, OURO BRANCO; CONSTAM: amolgada(s), inscrições, PESO LOTE: 2,85G (DOIS GRAMAS E OITENTA E CINCO CENTIGRAMAS) R$ 373,00 
"
03761-3; 216,00 ;2,00;" DUAS ALIANÇAS, DE: OURO, 14K; CONSTAM: amolgada(s), inscrições, PESO LOTE: 2,00G (DOIS GRAMAS) R$ 216,00 
"
03769-9;2.287,00 ;14,67;" UM COLAR, DOIS PENDENTES, UMA PULSEIRA, DE: OURO; CONSTAM: amolgada(s), PESO LOTE: 14,67G (QUATORZE GRAMAS E SESSENTA E SETE CENTIGRAMAS) R$ 2.287,00 
"
03773-7; 617,00 ;4,22;" UM COLAR, UM PENDENTE, DE: OURO; CONSTAM: amolgada(s), PESO LOTE: 4,22G (QUATRO GRAMAS E VINTE E DOIS CENTIGRAMAS) R$ 617,00 
"
03800-8;;12,75;" UM PENDENTE, DUAS PULSEIRAS, DE: OURO; CONSTAM: amolgada(s), PESO LOTE: 12,75G (DOZE GRAMAS E SETENTA E CINCO CENTIGRAMAS) R$ 1.955,00 Centralizadora: AG. PRACA RUI BARBOSA, RS 0453 Licitação de Jóias Data da Licitação: 27/02/2023 LOTE/CONTRATO DESCRIÇÃO VALOR ANOTAÇÕES Página 59 de 73 
"
03801-6;3.462,00 ;25,70;" UMA PULSEIRA, DE: OURO; CONSTAM: amolgada(s), PESO LOTE: 25,70G (VINTE E CINCO GRAMAS E SETENTA CENTIGRAMAS) R$ 3.462,00 
"
03810-5;2.130,00 ;14,26;" DOIS BRINCOSTARRAXA DE METAL NAO NOBRE, UM COLAR, UM PENDENTE, DE: OURO; CONSTAM: amolgada(s), PESO LOTE: 14,26G (QUATORZE GRAMAS E VINTE E SEIS CENTIGRAMAS) R$ 2.130,00 
"
03819-9; 537,00 ;4,09;" UMA ALIANÇA, DE: OURO; CONSTAM: amolgada(s), PESO LOTE: 4,09G (QUATRO GRAMAS E NOVE CENTIGRAMAS) R$ 537,00 
"
03829-6; 912,00 ;5,67;" UM ANEL, DOIS BRINCOS, UM PENDENTE, DE: OURO, OURO BRANCO; CONSTAM: amolgada(s), PESO LOTE: 5,67G (CINCO GRAMAS E SESSENTA E SETE CENTIGRAMAS) R$ 912,00 
"
03830-0; 672,00 ;5,13;" UM COLAR, UM PENDENTE, DE: OURO; CONSTAM: amassada(s), PESO LOTE: 5,13G (CINCO GRAMAS E TREZE CENTIGRAMAS) R$ 672,00 
"
03849-0; 440,00 ;3,36;" UM COLAR, DE: OURO; CONSTAM: amolgada(s), monograma, PESO LOTE: 3,36G (TRES GRAMAS E TRINTA E SEIS CENTIGRAMAS) R$ 440,00 
"
03855-5; 725,00 ;5,10;" DOIS ANÉIS, UMA PULSEIRA, DE: OURO, OURO BRANCO; CONSTAM: amolgada(s), PESO LOTE: 5,10G (CINCO GRAMAS E DEZ CENTIGRAMAS) R$ 725,00 
"
03856-3;7.907,00 ;54,64;" UM COLAR, UMA PULSEIRA, DE: OURO; CONSTAM: amassada(s), PESO LOTE: 54,64G (CINQUENTA E QUATRO GRAMAS E SESSENTA E QUATRO CENTIGRAMAS) R$ 7.907,00 
"
03857-1;9.089,00 ;67,80;" UM COLAR, TRES PENDENTES, UMA PULSEIRA, DE: OURO, OURO BRANCO; CONSTAM: amassada(s), inscrições, PESO LOTE: 67,80G (SESSENTA E SETE GRAMAS E OITENTA CENTIGRAMAS) R$ 9.089,00 
"
03863-6; 907,00 ;6,00;" DOIS BRINCOS, UM COLAR, UM PENDENTE, DE: OURO; CONSTAM: amolgada(s), PESO LOTE: 6,00G (SEIS GRAMAS) R$ 907,00 
"
03897-0;1.003,00 ;6,85;" DUAS ALIANÇAS, DE: OURO, OURO BRANCO; CONSTAM: amolgada(s), inscrições, PESO LOTE: 6,85G (SEIS GRAMAS E OITENTA E CINCO CENTIGRAMAS) R$ 1.003,00 
"
03902-0;1.400,00 ;9,88;" DOIS BRINCOS, UM PENDENTE, DE: OURO; CONSTAM: amolgada(s), PESO LOTE: 9,88G (NOVE GRAMAS E OITENTA E OITO CENTIGRAMAS) R$ 1.400,00 
"
03903-9;1.700,00 ;12,85;" DUAS ALIANÇAS, DE: OURO, OURO BRANCO; CONSTAM: amolgada(s), inscrições, PESO LOTE: 12,85G (DOZE GRAMAS E OITENTA E CINCO CENTIGRAMAS) R$ 1.700,00 
"
03905-5;1.210,00 ;8,35;" UM PENDENTE, UMA PULSEIRA, DE: OURO, OURO BRANCO; CONSTAM: amolgada(s), PESO LOTE: 8,35G (OITO GRAMAS E TRINTA E CINCO CENTIGRAMAS) R$ 1.210,00 
"
03908-0; 355,00 ;2,44;" UM COLAR, DE: OURO; CONSTAM: amolgada(s), PESO LOTE: 2,44G (DOIS GRAMAS E QUARENTA E QUATRO CENTIGRAMAS) R$ 355,00 
"
03915-2;1.780,00 ;12,34;" UMA PULSEIRA, DE: OURO; CONSTAM: amolgada(s), PESO LOTE: 12,34G (DOZE GRAMAS E TRINTA E QUATRO CENTIGRAMAS) R$ 1.780,00 
"
03916-0; 480,00 ;3,35;" UM COLAR, UM PENDENTE, DE: OURO; CONSTAM: amolgada(s), PESO LOTE: 3,35G (TRES GRAMAS E TRINTA E CINCO CENTIGRAMAS) R$ 480,00 
"
03917-9; 340,00 ;2,60;" UMA ALIANÇA, DOIS COLARES, DE: OURO; CONSTAM: amolgada(s), defeito(s), incompleta(s), partida(s), PESO LOTE: 2,60G (DOIS GRAMAS E SESSENTA CENTIGRAMAS) R$ 340,00 
"
03920-9; 620,00 ;4,33;" UMA PULSEIRA, DE: OURO; CONSTAM: amolgada(s), PESO LOTE: 4,33G (QUATRO GRAMAS E TRINTA E TRES CENTIGRAMAS) R$ 620,00 
"
03924-1;1.197,00 ;8,50;" UMA ALIANÇA, DE: OURO; CONSTAM: amolgada(s), PESO LOTE: 8,50G (OITO GRAMAS E CINQUENTA CENTIGRAMAS) R$ 1.197,00 
"
03927-6;2.434,00 ;16,97;" DUAS ALIANÇAS, DE: OURO; CONSTAM: amolgada(s), PESO LOTE: 16,97G (DEZESSEIS GRAMAS E NOVENTA E SETE CENTIGRAMAS) R$ 2.434,00 
"
03930-6; 880,00 ;5,91;" UM COLAR, UM PENDENTE, DE: OURO; CONSTAM: amolgada(s), PESO LOTE: 5,91G (CINCO GRAMAS E NOVENTA E UM CENTIGRAMAS) R$ 880,00 
"
03932-2; 781,00 ;5,48;" DUAS ALIANÇAS, DE: OURO; CONSTAM: amolgada(s), PESO LOTE: 5,48G (CINCO GRAMAS E QUARENTA E OITO CENTIGRAMAS) R$ 781,00 
"
03933-0; 295,00 ;2,25;" UMA ALIANÇA, DE: OURO; CONSTAM: amolgada(s), PESO LOTE: 2,25G (DOIS GRAMAS E VINTE E CINCO CENTIGRAMAS) R$ 295,00 
"
03934-9; 730,00 ;5,57;" UM BRINCO, TRES FRAGMENTOS, DOIS PENDENTES, DE: OURO; CONSTAM: amolgada(s), PESO LOTE: 5,57G (CINCO GRAMAS E CINQUENTA E SETE CENTIGRAMAS) R$ 730,00 
"
03949-7; 616,00 ;4,27;" UM ANEL, DE: OURO; CONSTAM: amolgada(s), falta, PESO LOTE: 4,27G (QUATRO GRAMAS E VINTE E SETE CENTIGRAMAS) R$ 616,00 
"
03950-0; 492,00 ;3,51;" UMA ALIANÇA, DE: OURO; CONSTAM: amolgada(s), incompleta(s), PESO LOTE: 3,51G (TRES GRAMAS E CINQUENTA E UM CENTIGRAMAS) R$ 492,00 
"
03954-3; 620,00 ;4,76;" DUAS ALIANÇAS, DE: OURO; CONSTAM: amolgada(s), inscrições, PESO LOTE: 4,76G (QUATRO GRAMAS E SETENTA E SEIS CENTIGRAMAS) R$ 620,00 
"
03956-0; 364,00 ;2,49;" UMA PULSEIRA, DE: OURO, OURO BRANCO; CONSTAM: amolgada(s), PESO LOTE: 2,49G (DOIS GRAMAS E QUARENTA E NOVE CENTIGRAMAS) R$ 364,00 
"
03959-4; 296,00 ;2,14;" UMA ALIANÇA, UM ANEL, DE: OURO; CONSTAM: amolgada(s), PESO LOTE: 2,14G (DOIS GRAMAS E QUATORZE CENTIGRAMAS) R$ 296,00 
"
03971-3; 400,00 ;2,93;" UM ANEL, DE: OURO; CONSTAM: amolgada(s), PESO LOTE: 2,93G (DOIS GRAMAS E NOVENTA E TRES CENTIGRAMAS) R$ 400,00 
"
03984-5;5.875,00 ;40,22;" UM COLAR, UM PENDENTE, DE: OURO; CONSTAM: amassada(s), PESO LOTE: 40,22G (QUARENTA GRAMAS E VINTE E DOIS CENTIGRAMAS) R$ 5.875,00 
"
03985-3;3.702,00 ;23,35;" UMA PULSEIRA, DE: OURO; CONSTAM: amassada(s), PESO LOTE: 23,35G (VINTE E TRES GRAMAS E TRINTA E CINCO CENTIGRAMAS) R$ 3.702,00 
"
03990-0;1.681,00 ;11,51;" UMA PULSEIRA, DE: OURO; CONSTAM: amolgada(s), PESO LOTE: 11,51G (ONZE GRAMAS E CINQUENTA E UM CENTIGRAMAS) R$ 1.681,00 
"
03994-2;2.137,00 ;15,02;" UM COLAR, DOIS PENDENTES, DE: OURO; CONSTAM: inscrições, monograma, PESO LOTE: 15,02G (QUINZE GRAMAS E DOIS CENTIGRAMAS) R$ 2.137,00 
"
04018-5; 810,00 ;5,61;" UM COLAR, DE: OURO; CONSTAM: amolgada(s), PESO LOTE: 5,61G (CINCO GRAMAS E SESSENTA E UM CENTIGRAMAS) R$ 810,00 
"
04025-8;2.916,00 ;20,11;" DUAS PULSEIRAS, DE: OURO; CONSTAM: amolgada(s), PESO LOTE: 20,11G (VINTE GRAMAS E ONZE CENTIGRAMAS) R$ 2.916,00 
"
04053-3;5.169,00 ;31,66;" TRES PULSEIRAS, DE: OURO, OURO RODINADO; CONSTAM: amolgada(s), PESO LOTE: 31,66G (TRINTA E UM GRAMAS E SESSENTA E SEIS CENTIGRAMAS) R$ 5.169,00 
"
04074-6;5.182,00 ;31,86;" QUATRO PULSEIRAS, DE: OURO; CONSTAM: amolgada(s), PESO LOTE: 31,86G (TRINTA E UM GRAMAS E OITENTA E SEIS CENTIGRAMAS) R$ 5.182,00 
"
04087-8;6.483,00 ;39,85;" UM COLAR, UM PENDENTE, UMA PULSEIRA, DE: OURO; CONSTAM: amolgada(s), PESO LOTE: 39,85G (TRINTA E NOVE GRAMAS E OITENTA E CINCO CENTIGRAMAS) R$ 6.483,00 
"
04111-4; 978,00 ;5,94;" UM PENDENTE, UMA PULSEIRA, DE: OURO, PESO LOTE: 5,94G (CINCO GRAMAS E NOVENTA E QUATRO CENTIGRAMAS) R$ 978,00 
"
04116-5;1.748,00 ;10,77;" UM ANEL, DOIS COLARES, TRES PENDENTES, DUAS PULSEIRAS, DE: OURO; CONSTAM: inscrições, PESO LOTE: 10,77G (DEZ GRAMAS E SETENTA E SETE CENTIGRAMAS) R$ 1.748,00 
"
04119-0; 523,00 ;3,46;" UM COLAR, DE: OURO; CONSTAM: inscrições, PESO LOTE: 3,46G (TRES GRAMAS E QUARENTA E SEIS CENTIGRAMAS) R$ 523,00 
"
04144-0;5.132,00 ;31,65;" UMA PULSEIRA, DE: OURO, PESO LOTE: 31,65G (TRINTA E UM GRAMAS E SESSENTA E CINCO CENTIGRAMAS) R$ 5.132,00 
"
04247-1;1.479,00 ;9,11;" DUAS ALIANÇAS, UM ANEL, DE: OURO; CONSTAM: amolgada(s), PESO LOTE: 9,11G (NOVE GRAMAS E ONZE CENTIGRAMAS) R$ 1.479,00 
"
04250-1; 695,00 ;4,97;" DUAS ALIANÇAS, DE: OURO; CONSTAM: inscrições, PESO LOTE: 4,97G (QUATRO GRAMAS E NOVENTA E SETE CENTIGRAMAS) R$ 695,00 
"
04267-6; 856,00 ;5,28;" UM ANEL, DE: OURO, PESO LOTE: 5,28G (CINCO GRAMAS E VINTE E OITO CENTIGRAMAS) R$ 856,00 
"
04274-9; 676,00 ;4,40;" UMA ALIANÇA, DE: OURO; CONSTAM: amolgada(s), inscrições, PESO LOTE: 4,40G (QUATRO GRAMAS E QUARENTA CENTIGRAMAS) R$ 676,00 
"
04278-1;1.577,00 ;7,98;" UMA MOEDA(1 SOBERANO, REINO UNIDO, 1903), DE: OURO, 917, PESO LOTE: 7,98G (SETE GRAMAS E NOVENTA E OITO CENTIGRAMAS) R$ 1.577,00 
"
04279-0;9.016,00 ;46,74;" UMA MOEDA(100 SOIS, PERU, 1962), DE: OURO, 900, PESO LOTE: 46,74G (QUARENTA E SEIS GRAMAS E SETENTA E QUATRO CENTIGRAMAS) R$ 9.016,00 
"
04280-3;3.023,00 ;13,96;" UMA MOEDA(4 DUCADOS, IMPERIO AUSTRO-HUNGARO, 1915), DE: OURO, 986, PESO LOTE: 13,96G (TREZE GRAMAS E NOVENTA E SEIS CENTIGRAMAS) R$ 3.023,00 
"
04297-8;;6,54;" UMA ALIANÇA, DE: OURO; CONSTAM: inscrições, PESO LOTE: 6,54G (SEIS GRAMAS E CINQUENTA E QUATRO CENTIGRAMAS) R$ 957,00 Centralizadora: AG. PRACA RUI BARBOSA, RS 0453 Licitação de Jóias Data da Licitação: 27/02/2023 LOTE/CONTRATO DESCRIÇÃO VALOR ANOTAÇÕES Página 65 de 73 
"
04301-0; 586,00 ;3,79;" UMA ALIANÇA, UM COLAR, COM PENDENTE FIXO, DE: OURO; CONSTAM: amassada(s), PESO LOTE: 3,79G (TRES GRAMAS E SETENTA E NOVE CENTIGRAMAS) R$ 586,00 
"
04305-2; 620,00 ;4,28;" UMA ALIANÇA, DE: OURO; CONSTAM: inscrições, PESO LOTE: 4,28G (QUATRO GRAMAS E VINTE E OITO CENTIGRAMAS) R$ 620,00 
"
04335-4;2.120,00 ;13,36;" UMA PULSEIRA, DE: OURO, PESO LOTE: 13,36G (TREZE GRAMAS E TRINTA E SEIS CENTIGRAMAS) R$ 2.120,00 
"
04336-2;4.158,00 ;26,20;" UMA PULSEIRA, DE: OURO, PESO LOTE: 26,20G (VINTE E SEIS GRAMAS E VINTE CENTIGRAMAS) R$ 4.158,00 
"
04337-0;2.917,00 ;18,39;" UMA PULSEIRA, DE: OURO, PESO LOTE: 18,39G (DEZOITO GRAMAS E TRINTA E NOVE CENTIGRAMAS) R$ 2.917,00 
"
04338-9;2.436,00 ;15,35;" DOIS BRINCOS, UM COLAR, DE: OURO; CONSTAM: amolgada(s), PESO LOTE: 15,35G (QUINZE GRAMAS E TRINTA E CINCO CENTIGRAMAS) R$ 2.436,00 
"
04344-3;1.378,00 ;9,44;" UM ANEL, UM COLAR, DE: OURO; CONSTAM: amolgada(s), PESO LOTE: 9,44G (NOVE GRAMAS E QUARENTA E QUATRO CENTIGRAMAS) R$ 1.378,00 
"
04346-0;;6,76;" UM COLAR, UMA PULSEIRA, DE: OURO, PESO LOTE: 6,76G (SEIS GRAMAS E SETENTA E SEIS CENTIGRAMAS) R$ 986,00 Centralizadora: AG. PRACA RUI BARBOSA, RS 0453 Licitação de Jóias Data da Licitação: 27/02/2023 LOTE/CONTRATO DESCRIÇÃO VALOR ANOTAÇÕES Página 66 de 73 
"
04347-8;2.020,00 ;13,84;" UMA PULSEIRA(COM 4 PENDENTES FIXOS), DE: OURO, PESO LOTE: 13,84G (TREZE GRAMAS E OITENTA E QUATRO CENTIGRAMAS) R$ 2.020,00 
"
04348-6;1.194,00 ;8,18;" UM COLAR, UM PENDENTE, DE: OURO, PESO LOTE: 8,18G (OITO GRAMAS E DEZOITO CENTIGRAMAS) R$ 1.194,00 
"
04356-7;1.818,00 ;11,95;" UMA PULSEIRACOM UM PENDENTE FIXO, DE: OURO; CONSTAM: amassada(s), PESO LOTE: 11,95G (ONZE GRAMAS E NOVENTA E CINCO CENTIGRAMAS) R$ 1.818,00 
"
04375-3;1.325,00 ;8,10;" UM ANEL, QUATRO BRINCOS, TRES PENDENTES, DE: OURO, OURO BRANCO; CONSTAM: amolgada(s), PESO LOTE: 8,10G (OITO GRAMAS E DEZ CENTIGRAMAS) R$ 1.325,00 
"
04377-0;1.691,00 ;10,33;" UMA ALIANÇA, UM ANEL, DOIS BRINCOS, DOIS PENDENTES, DE: OURO, OURO RODINADO; CONSTAM: amolgada(s), PESO LOTE: 10,33G (DEZ GRAMAS E TRINTA E TRES CENTIGRAMAS) R$ 1.691,00 
"
04383-4;2.675,00 ;17,98;" DUAS ALIANÇAS, UM PENDENTE, DE: OURO; CONSTAM: amolgada(s), inscrições, PESO LOTE: 17,98G (DEZESSETE GRAMAS E NOVENTA E OITO CENTIGRAMAS) R$ 2.675,00 
"
04386-9;;16,25;" UM COLAR, DE: OURO, PESO LOTE: 16,25G (DEZESSEIS GRAMAS E VINTE E CINCO CENTIGRAMAS) R$ 2.642,00 Centralizadora: AG. PRACA RUI BARBOSA, RS 0453 Licitação de Jóias Data da Licitação: 27/02/2023 LOTE/CONTRATO DESCRIÇÃO VALOR ANOTAÇÕES Página 67 de 73 
"
04392-3;1.676,00 ;11,48;" DOIS PENDENTES, DE: OURO, PESO LOTE: 11,48G (ONZE GRAMAS E QUARENTA E OITO CENTIGRAMAS) R$ 1.676,00 
"
04394-0;1.719,00 ;10,67;" UM PENDENTE, DE: OURO; CONSTAM: amolgada(s), PESO LOTE: 10,67G (DEZ GRAMAS E SESSENTA E SETE CENTIGRAMAS) R$ 1.719,00 
"
04396-6;1.358,00 ;8,59;" DUAS ALIANÇAS, DOIS ANÉIS, DOIS COLARES, UM PENDENTE, DE: OURO; CONSTAM: amassada(s), amolgada(s), inscrições, PESO LOTE: 8,59G (OITO GRAMAS E CINQUENTA E NOVE CENTIGRAMAS) R$ 1.358,00 
"
04401-6;2.528,00 ;15,59;" UM COLAR, DE: OURO, OURO RODINADO; CONSTAM: amolgada(s), PESO LOTE: 15,59G (QUINZE GRAMAS E CINQUENTA E NOVE CENTIGRAMAS) R$ 2.528,00 
"
04422-9; 793,00 ;6,06;" UM COLAR, DE: OURO; CONSTAM: amolgada(s), partida(s), PESO LOTE: 6,06G (SEIS GRAMAS E SEIS CENTIGRAMAS) R$ 793,00 
"
04437-7; 700,00 ;4,48;" DOIS BRINCOS, UMA PULSEIRA, DE: OURO; CONSTAM: amolgada(s), PESO LOTE: 4,48G (QUATRO GRAMAS E QUARENTA E OITO CENTIGRAMAS) R$ 700,00 
"
04440-7; 421,00 ;3,22;" DUAS ALIANÇAS, DE: OURO; CONSTAM: amolgada(s), inscrições, PESO LOTE: 3,22G (TRES GRAMAS E VINTE E DOIS CENTIGRAMAS) R$ 421,00 
"
04443-1;1.032,00 ;7,07;" UM ANEL, DE: OURO; CONSTAM: amolgada(s), PESO LOTE: 7,07G (SETE GRAMAS E SETE CENTIGRAMAS) R$ 1.032,00 
"
04458-0;4.740,00 ;12,75;" UM BROCHE, UM PENDENTE, DE: OURO BRANCO, OURO, 22 bri de 0.02 ct ij vvs 02 ct kl si cada, PESO LOTE: 12,75G (DOZE GRAMAS E SETENTA E CINCO CENTIGRAMAS) R$ 4.740,00 
"
04459-8;17.380,00 ;19,24;" UMA PULSEIRA, DE: OURO, 60 dia de 0.01 ct cada , 46 dia de 0.02 ct cada e 30 de 0.04 ct cada todos ij vvs lap 1x16 natan joi, PESO LOTE: 19,24G (DEZENOVE GRAMAS E VINTE E QUATRO CENTIGRAMAS) R$ 17.380,00 
"
04461-0;2.696,00 ;12,21;" DOIS ANÉIS, DE: OURO BRANCO, OURO, 2 bri de 0.10 ct cada kl si e 2 bri de 0.04 ct cada kl p1, PESO LOTE: 12,21G (DOZE GRAMAS E VINTE E UM CENTIGRAMAS) R$ 2.696,00 
"
04462-8;14.241,00 ;22,05;" UM ANEL, DOIS BRINCOS, DE: OURO BRANCO, 3 bri de 0.09 ct cada, 3 bri de 0.07 ct cada , 12 de 0.05 ct cada 7 bri de 0.04 ct cada 3 de 0.02 ct, PESO LOTE: 22,05G (VINTE E DOIS GRAMAS E CINCO CENTIGRAMAS) R$ 14.241,00 
"
04463-6;21.592,00 ;35,70;" UM ANEL, DE: OURO, UM ANEL NATAN JOIAS COM BRILHANTES DE 0.03 A 0.08 CT IJ VVS TOTALIZANDO 3.02 CT 8 AMETISTA CALIBRADA, PESO LOTE: 35,70G (TRINTA E CINCO GRAMAS E SETENTA CENTIGRAMAS) R$ 21.592,00 
"
04536-5;1.503,00 ;9,52;" UM BROCHE, DE: OURO, PESO LOTE: 9,52G (NOVE GRAMAS E CINQUENTA E DOIS CENTIGRAMAS) R$ 1.503,00 
"
04617-5;4.941,00 ;34,17;" UM COLAR, DE: OURO, PESO LOTE: 34,17G (TRINTA E QUATRO GRAMAS E DEZESSETE CENTIGRAMAS) R$ 4.941,00 
"
04657-4;1.500,00 ;11,30;" UMA ALIANÇA, UMA PULSEIRA, DE: OURO; CONSTAM: amolgada(s), inscrições, PESO LOTE: 11,30G (ONZE GRAMAS E TRINTA CENTIGRAMAS) R$ 1.500,00 
"
04670-1;1.893,00 ;13,51;" DUAS ALIANÇAS, DE: OURO; CONSTAM: amassada(s), amolgada(s), inscrições, PESO LOTE: 13,51G (TREZE GRAMAS E CINQUENTA E UM CENTIGRAMAS) R$ 1.893,00 
"
04698-1; 871,00 ;5,62;" DUAS ALIANÇAS, UM ANEL, UM COLAR, (COM PENDENTE FIXO), UM PENDENTE, DE: OURO BRANCO, OURO; CONSTAM: defeito(s), incompleta(s), partida(s), PESO LOTE: 5,62G (CINCO GRAMAS E SESSENTA E DOIS R$ 871,00 
"
04702-3;1.480,00 ;10,90;" DOIS ANÉIS, UM COLAR, UM PENDENTE, DE: OURO; CONSTAM: amassada(s), amolgada(s), defeito(s), PESO LOTE: 10,90G (DEZ GRAMAS E NOVENTA CENTIGRAMAS) R$ 1.480,00 
"
04708-2; 417,00 ;2,90;" DUAS ALIANÇAS, DE: OURO; CONSTAM: amassada(s), inscrições, PESO LOTE: 2,90G (DOIS GRAMAS E NOVENTA CENTIGRAMAS) R$ 417,00 
"
04709-0;10.688,00 ;50,00;" UM BARRA, DE: OURO(24K), PESO LOTE: 50,00G (CINQUENTA GRAMAS) R$ 10.688,00 
"
04711-2;1.300,00 ;9,90;" UM BROCHE, DE: OURO; CONSTAM: amassada(s), falta, PESO LOTE: 9,90G (NOVE GRAMAS E NOVENTA CENTIGRAMAS) R$ 1.300,00 
"
04712-0;2.600,00 ;13,96;" UMA MOEDA4 DUCADOS, DE: OURO, 986; CONSTAM: amassada(s), PESO LOTE: 13,96G (TREZE GRAMAS E NOVENTA E SEIS CENTIGRAMAS) R$ 2.600,00 
"
04719-8; 420,00 ;3,20;" UM COLAR, DE: OURO; CONSTAM: partida(s), PESO LOTE: 3,20G (TRES GRAMAS E VINTE CENTIGRAMAS) R$ 420,00 
"
04726-0; 304,00 ;2,32;" UMA ALIANÇA, DE: OURO; CONSTAM: inscrições, PESO LOTE: 2,32G (DOIS GRAMAS E TRINTA E DOIS CENTIGRAMAS) R$ 304,00 
"
04727-9;;5,77;" QUATRO BRINCOS, DE: OURO, OURO BRANCO, PESO LOTE: 5,77G (CINCO GRAMAS E SETENTA E SETE CENTIGRAMAS) R$ 905,00 Centralizadora: AG. PRACA RUI BARBOSA, RS 0453 Licitação de Jóias Data da Licitação: 27/02/2023 LOTE/CONTRATO DESCRIÇÃO VALOR ANOTAÇÕES Página 71 de 73 
"
04741-4;;3,30; UM COLAR, DE: OURO, PESO LOTE: 3,30G (TRES GRAMAS E TRINTA CENTIGRAMAS)001593 R$ 480,00
